/league;/market_key;/source_index;/data/key;/data/label;/data/range;/data/n;/data/hits;/data/avgP;/data/hitRate;/data/gap;/data/ciLo;/data/ciHi;/data/calibrated;/data/evaluable;/data/diagnosis
angol;BTTS;1;p00_20;0–20%;0–20%;44;24;0,1599490174527945;0,5454545454545454;-0,3855055280017509;0,4006593217065349;0,6829499221314639;false;true;underconfident
angol;BTTS;2;p20_40;20–40%;20–40%;2965;1348;0,34563908838753127;0,45463743676222595;-0,10899834837469469;0,4367842968636373;0,4726079724982579;false;true;underconfident
angol;BTTS;3;p40_55;40–55%;40–55%;7980;3899;0,47687826296794955;0,4885964912280702;-0,011718228260120644;0,477637014698586;0,49956694185285666;false;true;underconfident
angol;BTTS;4;p55_65;55–65%;55–65%;3127;1602;0,5909305451674628;0,5123121202430444;0,0786184249244184;0,4947879066557641;0,5298061194361339;false;true;overconfident
angol;BTTS;5;p65_75;65–75%;65–75%;716;393;0,682089633684934;0,5488826815642458;0,13320695212068823;0,512269390379094;0,5849742254386081;false;true;overconfident
angol;BTTS;6;p75_100;75–100%;75–100%;48;30;0,7898532026112641;0,625;0,16485320261126413;0,48362506125249566;0,7478492759593187;false;true;overconfident
angol;O2.5;1;p00_20;0–20%;0–20%;182;92;0,1662582222294564;0,5054945054945055;-0,33923628326504907;0,4334974743463057;0,5772643787587041;false;true;underconfident
angol;O2.5;2;p20_40;20–40%;20–40%;4139;1865;0,33306634327926377;0,45059193041797535;-0,11752558713871158;0,43548650804218786;0,46578898363965665;false;true;underconfident
angol;O2.5;3;p40_55;40–55%;40–55%;6610;3189;0,4742243406985255;0,48245083207261724;-0,00822649137409176;0,47041810903353637;0,4945039417153054;true;true;calibrated
angol;O2.5;4;p55_65;55–65%;55–65%;2746;1414;0,5937124178015861;0,5149308084486526;0,07878160935293355;0,4962298673281875;0,5335900321162024;false;true;overconfident
angol;O2.5;5;p65_75;65–75%;65–75%;1015;549;0,689081277876275;0,5408866995073892;0,14819457836888583;0,5101325402038251;0,5713325275751114;false;true;overconfident
angol;O2.5;6;p75_100;75–100%;75–100%;188;107;0,7949205662018358;0,5691489361702128;0,22577163003162304;0,4976758624888353;0,6378526151719015;false;true;overconfident
angol;HOME_O0.5;1;p00_20;0–20%;0–20%;0;0;0;0;0;0;1;false;false;insufficient
angol;HOME_O0.5;2;p20_40;20–40%;20–40%;74;54;0,3289751345964083;0,7297297297297297;-0,4007545951333214;0,6190853622781575;0,8176990820292566;false;true;underconfident
angol;HOME_O0.5;3;p40_55;40–55%;40–55%;626;390;0,5036911370478734;0,6230031948881789;-0,11931205784030552;0,5843965285918672;0,6601093916268036;false;true;underconfident
angol;HOME_O0.5;4;p55_65;55–65%;55–65%;2094;1428;0,609040165016048;0,6819484240687679;-0,07290825905271991;0,6616830504076319;0,701547424190641;false;true;underconfident
angol;HOME_O0.5;5;p65_75;65–75%;65–75%;4527;3296;0,7045130922171836;0,7280759885133643;-0,02356289629618069;0,71492493139413;0,7408402844986525;false;true;underconfident
angol;HOME_O0.5;6;p75_100;75–100%;75–100%;7559;5996;0,8249441412968999;0,7932266172774176;0,031717524019482246;0,7839487940343266;0,8022065473653925;false;true;overconfident
angol;HOME_U0.5;1;p00_20;0–20%;0–20%;4708;895;0,14476852912566576;0,1901019541206457;-0,04533342499497994;0,17914786847890202;0,20156136419139825;false;true;underconfident
angol;HOME_U0.5;2;p20_40;20–40%;20–40%;8713;2321;0,28426497503536735;0,26638356478824743;0,017881410247119922;0,25720559273830834;0,27576745107609335;false;true;overconfident
angol;HOME_U0.5;3;p40_55;40–55%;40–55%;1318;449;0,4503253880714913;0,34066767830045525;0,10965770977103606;0,3155769472012173;0,36668452800125784;false;true;overconfident
angol;HOME_U0.5;4;p55_65;55–65%;55–65%;106;44;0,5872439185602418;0,41509433962264153;0,1721495789376003;0,32586734939167683;0,5102603108026393;false;true;overconfident
angol;HOME_U0.5;5;p65_75;65–75%;65–75%;35;7;0,736682020612172;0,2;0,5366820206121721;0,10042319445900802;0,35891936609462516;false;true;overconfident
angol;HOME_U0.5;6;p75_100;75–100%;75–100%;0;0;0;0;0;0;1;false;false;insufficient
angol;AWAY_O0.5;1;p00_20;0–20%;0–20%;0;0;0;0;0;0;1;false;false;insufficient
angol;AWAY_O0.5;2;p20_40;20–40%;20–40%;382;220;0,34883690543714796;0,5759162303664922;-0,22707932492934424;0,5258420830254223;0,6244786703614599;false;true;underconfident
angol;AWAY_O0.5;3;p40_55;40–55%;40–55%;2461;1442;0,494045155773144;0,5859406745225518;-0,09189551874940782;0,5663607446709361;0,6052527172245464;false;true;underconfident
angol;AWAY_O0.5;4;p55_65;55–65%;55–65%;3925;2509;0,6048730159899799;0,6392356687898089;-0,034362652799828974;0,6240824980935835;0,6541165517230341;false;true;underconfident
angol;AWAY_O0.5;5;p65_75;65–75%;65–75%;4555;3112;0,6990952864441202;0,683205268935236;0,01589001750888419;0,6695450419443233;0,6965567326819327;false;true;overconfident
angol;AWAY_O0.5;6;p75_100;75–100%;75–100%;3557;2659;0,8090337666698251;0,7475400618498735;0,061493704819951533;0,7330015159145066;0,761544492534732;false;true;overconfident
angol;AWAY_U0.5;1;p00_20;0–20%;0–20%;1771;418;0,15527940389191827;0,2360248447204969;-0,08074544082857862;0,21683214577077664;0,25636027883770673;false;true;underconfident
angol;AWAY_U0.5;2;p20_40;20–40%;20–40%;8600;2722;0,3046608841582201;0,31651162790697673;-0,01185074374875661;0,3067650977962968;0,32642201248244196;false;true;underconfident
angol;AWAY_U0.5;3;p40_55;40–55%;40–55%;3708;1433;0,4614223354053546;0,3864617044228695;0,07496063098248512;0,37091358981736955;0,40224483375329134;false;true;overconfident
angol;AWAY_U0.5;4;p55_65;55–65%;55–65%;650;295;0,5886993665087895;0,45384615384615384;0,13485321266263567;0,41595432031905444;0,49228033467995447;false;true;overconfident
angol;AWAY_U0.5;5;p65_75;65–75%;65–75%;151;70;0,7017775645035563;0,46357615894039733;0,238201405563159;0,38592813326526204;0,5430315261544287;false;true;overconfident
angol;AWAY_U0.5;6;p75_100;75–100%;75–100%;0;0;0;0;0;0;1;false;false;insufficient
spanyol;BTTS;1;p00_20;0–20%;0–20%;42;19;0,16387124602480965;0,4523809523809524;-0,2885097063561427;0,3122316381863852;0,6005113725287732;false;true;underconfident
spanyol;BTTS;2;p20_40;20–40%;20–40%;2002;930;0,3445418000021934;0,4645354645354645;-0,1199936645332711;0,44277685872717637;0,48642991413066056;false;true;underconfident
spanyol;BTTS;3;p40_55;40–55%;40–55%;5328;2605;0,47674457676562004;0,4889264264264264;-0,012181849660806376;0,4755166147503447;0,502352195155786;true;true;calibrated
spanyol;BTTS;4;p55_65;55–65%;55–65%;2034;1076;0,5908656911665454;0,5290068829891839;0,06185880817736156;0,5072796427094706;0,5506247596739138;false;true;overconfident
spanyol;BTTS;5;p65_75;65–75%;65–75%;411;217;0,683804346543368;0,5279805352798054;0,1558238112635626;0,47968063343388045;0,5757622151136134;false;true;overconfident
spanyol;BTTS;6;p75_100;75–100%;75–100%;23;13;0,774477962796951;0,5652173913043478;0,20926057149260324;0,3681104930501695;0,7436563166780135;false;true;overconfident
spanyol;O2.5;1;p00_20;0–20%;0–20%;118;49;0,16068270887170538;0,4152542372881356;-0,2545715284164302;0,33038729052795845;0,5054651605232424;false;true;underconfident
spanyol;O2.5;2;p20_40;20–40%;20–40%;2838;1284;0,3304642283523324;0,452431289640592;-0,12196706128825957;0,4341954515410745;0,4707957344560621;false;true;underconfident
spanyol;O2.5;3;p40_55;40–55%;40–55%;4320;2098;0,4738060929185701;0,48564814814814816;-0,011842055229578041;0,47076343462484216;0,5005583640275414;true;true;calibrated
spanyol;O2.5;4;p55_65;55–65%;55–65%;1854;987;0,593928179839252;0,5323624595469255;0,06156572029232643;0,5096067157857908;0,554984366683242;false;true;overconfident
spanyol;O2.5;5;p65_75;65–75%;65–75%;600;338;0,6889373162289625;0,5633333333333334;0,12560398289562913;0,5233687216294296;0,6024921001489971;false;true;overconfident
spanyol;O2.5;6;p75_100;75–100%;75–100%;110;50;0,7811492913792754;0,45454545454545453;0,3266038368338208;0,364597551188735;0,5475610973193676;false;true;overconfident
spanyol;HOME_O0.5;1;p00_20;0–20%;0–20%;0;0;0;0;0;0;1;false;false;insufficient
spanyol;HOME_O0.5;2;p20_40;20–40%;20–40%;35;27;0,32573870473561095;0,7714285714285715;-0,4456898666929605;0,6098236221989801;0,879342632538209;false;true;underconfident
spanyol;HOME_O0.5;3;p40_55;40–55%;40–55%;386;251;0,5040319914413713;0,6502590673575129;-0,1462270759161416;0,6014152066199487;0,69614154463492;false;true;underconfident
spanyol;HOME_O0.5;4;p55_65;55–65%;55–65%;1427;973;0,6075906741937854;0,6818500350385424;-0,07425936084475693;0,6572233363739728;0,7055002523167668;false;true;underconfident
spanyol;HOME_O0.5;5;p65_75;65–75%;65–75%;3071;2252;0,7038923887988222;0,7333116248778899;-0,029419236079067712;0,7173862624257711;0,7486540044939948;false;true;underconfident
spanyol;HOME_O0.5;6;p75_100;75–100%;75–100%;4921;3909;0,8242751865694504;0,7943507417191628;0,029924444850287668;0,7828304707394889;0,805411798818988;false;true;overconfident
spanyol;HOME_U0.5;1;p00_20;0–20%;0–20%;3031;579;0,14543671856608792;0,19102606400527877;-0,045589345439190854;0,17742544452965134;0,205408901750563;false;true;underconfident
spanyol;HOME_U0.5;2;p20_40;20–40%;20–40%;5855;1525;0,28478362774955224;0,2604611443210931;0,024322483428459163;0,24937877081040927;0,2718576456170292;false;true;overconfident
spanyol;HOME_U0.5;3;p40_55;40–55%;40–55%;889;303;0,45000448689033784;0,3408323959505062;0,10917209093983166;0,31041851814509325;0,37261596411917386;false;true;overconfident
spanyol;HOME_U0.5;4;p55_65;55–65%;55–65%;47;17;0,5889149716267645;0,3617021276595745;0,22721284396719005;0,2396602228576844;0,5046436542822955;false;true;overconfident
spanyol;HOME_U0.5;5;p65_75;65–75%;65–75%;18;4;0,7299643608061399;0,2222222222222222;0,5077421385839177;0,09000781913382;0,4521502645230549;false;false;insufficient
spanyol;HOME_U0.5;6;p75_100;75–100%;75–100%;0;0;0;0;0;0;1;false;false;insufficient
spanyol;AWAY_O0.5;1;p00_20;0–20%;0–20%;0;0;0;0;0;0;1;false;false;insufficient
spanyol;AWAY_O0.5;2;p20_40;20–40%;20–40%;262;153;0,33522780076128256;0,583969465648855;-0,24874166488757243;0,5234917247979742;0,6420203696221618;false;true;underconfident
spanyol;AWAY_O0.5;3;p40_55;40–55%;40–55%;1655;997;0,4940772745266766;0,602416918429003;-0,10833964390232642;0,5786271756001266;0,6257323003136678;false;true;underconfident
spanyol;AWAY_O0.5;4;p55_65;55–65%;55–65%;2668;1723;0,6028795702963193;0,6458020989505248;-0,04292252865420543;0,6274560063115547;0,6637289202200182;false;true;underconfident
spanyol;AWAY_O0.5;5;p65_75;65–75%;65–75%;3044;2150;0,699098720579304;0,7063074901445466;-0,007208769565242634;0,6898756159173342;0,7222192908520989;true;true;calibrated
spanyol;AWAY_O0.5;6;p75_100;75–100%;75–100%;2211;1620;0,8112041084936267;0,7327001356852103;0,07850397280841637;0,7138611733968172;0,7507318701869767;false;true;overconfident
spanyol;AWAY_U0.5;1;p00_20;0–20%;0–20%;1176;297;0,15616542390585536;0,25255102040816324;-0,09638559650230788;0,22855174754994415;0,27816169601739554;false;true;underconfident
spanyol;AWAY_U0.5;2;p20_40;20–40%;20–40%;5518;1664;0,3059259668979244;0,30155853570134106;0,004367431196583338;0,2895908026520013;0,31380238414278094;true;true;calibrated
spanyol;AWAY_U0.5;3;p40_55;40–55%;40–55%;2603;1011;0,46015351683453104;0,38839800230503263;0,07175551452949841;0,36985183327073734;0,4072730982939575;false;true;overconfident
spanyol;AWAY_U0.5;4;p55_65;55–65%;55–65%;415;172;0,5866177295093423;0,41445783132530123;0,1721598981840411;0,3680567130731799;0,46242812892914287;false;true;overconfident
spanyol;AWAY_U0.5;5;p65_75;65–75%;65–75%;128;53;0,7139449848657065;0,4140625;0,29988248486570646;0,3324500931647407;0,5006829998802466;false;true;overconfident
spanyol;AWAY_U0.5;6;p75_100;75–100%;75–100%;0;0;0;0;0;0;1;false;false;insufficient
