/league;/market_key;/data/market;/data/label;/data/n;/data/avgP;/data/hitRate;/data/brier;/data/logLoss;/data/ece;/data/evaluable;/data/calibrated;/data/verdict;/data/headline
angol;BTTS;BTTS;Mindkét csapat szerez gólt;14880;0,4846421464048088;0,49032258064516127;0,25511195614142657;0,7045413519273427;0,052606367867017424;true;false;overconfident;Túl magabiztos: legalább egy értékelhető sávban a jelzett esély a tényleges beválás Wilson-intervalluma FÖLÖTT van.
angol;O2.5;O2.5;2,5 gól felett;14880;0,47195163616057734;0,48494623655913977;0,25801221953677317;0,7122651718991632;0,06799417872833552;true;false;overconfident;Túl magabiztos: legalább egy értékelhető sávban a jelzett esély a tényleges beválás Wilson-intervalluma FÖLÖTT van.
angol;HOME_O0.5;HOME_O0.5;Hazai csapat gólt szerez;14880;0,741940083993695;0,750268817204301;0,18770445675593875;0,5630897536356616;0,040553567090078554;true;false;overconfident;Túl magabiztos: legalább egy értékelhető sávban a jelzett esély a tényleges beválás Wilson-intervalluma FÖLÖTT van.
angol;HOME_U0.5;HOME_U0.5;Hazai csapat nem szerez gólt;14880;0,2580599160063048;0,24973118279569892;0,18770445675593875;0,5630897536356616;0,0370155295649569;true;false;overconfident;Túl magabiztos: legalább egy értékelhető sávban a jelzett esély a tényleges beválás Wilson-intervalluma FÖLÖTT van.
angol;AWAY_O0.5;AWAY_O0.5;Vendég csapat gólt szerez;14880;0,6576169053624313;0,6681451612903225;0,22254971981733107;0,6380276072051736;0,04965623143831761;true;false;overconfident;Túl magabiztos: legalább egy értékelhető sávban a jelzett esély a tényleges beválás Wilson-intervalluma FÖLÖTT van.
angol;AWAY_U0.5;AWAY_U0.5;Vendég csapat nem szerez gólt;14880;0,34238309463757577;0,3318548387096774;0,2225497198173311;0,6380276072051736;0,04344715000675568;true;false;overconfident;Túl magabiztos: legalább egy értékelhető sávban a jelzett esély a tényleges beválás Wilson-intervalluma FÖLÖTT van.
spanyol;BTTS;BTTS;Mindkét csapat szerez gólt;9840;0,4814459122307994;0,49390243902439024;0,2561274927374994;0,706709582626715;0,05202510309570636;true;false;overconfident;Túl magabiztos: legalább egy értékelhető sávban a jelzett esély a tényleges beválás Wilson-intervalluma FÖLÖTT van.
spanyol;O2.5;O2.5;2,5 gól felett;9840;0,4678955303180991;0,48841463414634145;0,2577313067996427;0,7116083364915007;0,06633854635081987;true;false;overconfident;Túl magabiztos: legalább egy értékelhető sávban a jelzett esély a tényleges beválás Wilson-intervalluma FÖLÖTT van.
spanyol;HOME_O0.5;HOME_O0.5;Hazai csapat gólt szerez;9840;0,740945204730294;0,7532520325203252;0,18621155574029388;0,5586822261853953;0,0422373548445564;true;false;overconfident;Túl magabiztos: legalább egy értékelhető sávban a jelzett esély a tényleges beválás Wilson-intervalluma FÖLÖTT van.
spanyol;HOME_U0.5;HOME_U0.5;Hazai csapat nem szerez gólt;9840;0,2590547952697073;0,24674796747967478;0,18621155574029388;0,5586822261853953;0,040392459096168155;true;false;overconfident;Túl magabiztos: legalább egy értékelhető sávban a jelzett esély a tényleges beválás Wilson-intervalluma FÖLÖTT van.
spanyol;AWAY_O0.5;AWAY_O0.5;Vendég csapat gólt szerez;9840;0,6540283593510657;0,6751016260162601;0,22260426837882713;0,6391954723684599;0,056352186152878195;true;false;overconfident;Túl magabiztos: legalább egy értékelhető sávban a jelzett esély a tényleges beválás Wilson-intervalluma FÖLÖTT van.
spanyol;AWAY_U0.5;AWAY_U0.5;Vendég csapat nem szerez gólt;9840;0,34597164064893576;0,32489837398373983;0,22260426837882713;0,6391954723684599;0,04411177509745251;true;false;overconfident;Túl magabiztos: legalább egy értékelhető sávban a jelzett esély a tényleges beválás Wilson-intervalluma FÖLÖTT van.
