/league;/source_key;/display_name;/weight;/has_alias;/has_weight
angol;aston oroszlan;Aston Oroszlán;2,7;true;true
angol;brentford;Brentford;4,8;true;true
angol;brighton;Brighton;3;true;true
angol;chelsea;Chelsea;7;true;true
angol;crystal palace;Crystal Palace;3,4;true;true
angol;everton;Everton;6,3;true;true
angol;fulham;Fulham;4,4;true;true
angol;liverpool;Liverpool;7,4;true;true
angol;london agyuk;London Ágyúk;6,4;true;true
angol;manchester kek;Manchester Kék;7,6;true;true
angol;newcastle;Newcastle;4,4;true;true
angol;nottingham;Nottingham;2,6;true;true
angol;tottenham;Tottenham;6,2;true;true
angol;voros ordogok;Vörös Ördögök;6,9;true;true
angol;west ham;West Ham;3;true;true
angol;wolverhampton;Wolverhampton;4;true;true
spanyol;alaves;Alaves;3,5;true;true
spanyol;barcelona;Barcelona;7,4;true;true
spanyol;bilbao;Bilbao;7;true;true
spanyol;elche;Elche;2,5;true;true
spanyol;getafe;Getafe;4,4;true;true
spanyol;girona;Girona;4,1;true;true
spanyol;madrid feher;Madrid Fehér;7,6;true;true
spanyol;madrid piros;Madrid Piros;7,1;true;true
spanyol;mallorca;Mallorca;2,8;true;true
spanyol;osasuna;Osasuna;3;true;true
spanyol;san sebastian;San Sebastian;6,1;true;true
spanyol;sevilla piros;Sevilla Piros;5,1;true;true
spanyol;sevilla zold;Sevilla Zöld;4,2;true;true
spanyol;valencia;Valencia;6,3;true;true
spanyol;vigo;Vigo;2,8;true;true
spanyol;villarreal;Villarreal;6,1;true;true
