/league;/original_name;/appearances;/matching_alias_keys;/weight
angol;Aston Oroszlán;1860;"[""aston oroszlan""]";2,7
angol;Brentford;1860;"[""brentford""]";4,8
angol;Brighton;1860;"[""brighton""]";3
angol;Chelsea;1860;"[""chelsea""]";7
angol;Crystal Palace;1860;"[""crystal palace""]";3,4
angol;Everton;1860;"[""everton""]";6,3
angol;Fulham;1860;"[""fulham""]";4,4
angol;Liverpool;1860;"[""liverpool""]";7,4
angol;London Ágyúk;1860;"[""london agyuk""]";6,4
angol;Manchester Kék;1860;"[""manchester kek""]";7,6
angol;Newcastle;1860;"[""newcastle""]";4,4
angol;Nottingham;1860;"[""nottingham""]";2,6
angol;Tottenham;1860;"[""tottenham""]";6,2
angol;Vörös Ördögök;1860;"[""voros ordogok""]";6,9
angol;West Ham;1860;"[""west ham""]";3
angol;Wolverhampton;1860;"[""wolverhampton""]";4
spanyol;Alaves;1230;"[""alaves""]";3,5
spanyol;Barcelona;1230;"[""barcelona""]";7,4
spanyol;Bilbao;1230;"[""bilbao""]";7
spanyol;Elche;1230;"[""elche""]";2,5
spanyol;Getafe;1230;"[""getafe""]";4,4
spanyol;Girona;1230;"[""girona""]";4,1
spanyol;Madrid Fehér;1230;"[""madrid feher""]";7,6
spanyol;Madrid Piros;1230;"[""madrid piros""]";7,1
spanyol;Mallorca;1230;"[""mallorca""]";2,8
spanyol;Osasuna;1230;"[""osasuna""]";3
spanyol;San Sebastian;1230;"[""san sebastian""]";6,1
spanyol;Sevilla Piros;1230;"[""sevilla piros""]";5,1
spanyol;Sevilla Zöld;1230;"[""sevilla zold""]";4,2
spanyol;Valencia;1230;"[""valencia""]";6,3
spanyol;Vigo;1230;"[""vigo""]";2,8
spanyol;Villarreal;1230;"[""villarreal""]";6,1
