/ref/season_key;/ref/season_position;/ref/season_id;/ref/season_index;/ref/league;/data/id;/data/league;/data/seasonIndex;/data/name;/data/fileName;/data/createdAt;/data/contentHash;/data/countWarning;/data/actualMatchCount;/data/orderMode;/data/datedMatchCount;/derived/matches;/derived/pipeline_present;/derived/ht_valid;/derived/ht_missing;/derived/ft_valid;/derived/kickoff_missing
s0001;1;season_angol_a6798ec0-60f0-4503-85e1-43473c9046a1;1;angol;season_angol_a6798ec0-60f0-4503-85e1-43473c9046a1;angol;1;Angol bajnokság 1;angol-1.csv;2026-09-12T05:50:27.326Z;ee136d0e;false;240;source-order;0;240;240;240;0;240;240
s0002;2;season_angol_23793bc0-e2b4-4acc-8fee-dbfedcb1c2e5;2;angol;season_angol_23793bc0-e2b4-4acc-8fee-dbfedcb1c2e5;angol;2;Angol bajnokság 2;angol-2.csv;2026-09-12T05:50:27.328Z;cad6c168;false;240;source-order;0;240;240;240;0;240;240
s0003;3;season_angol_7c6fe312-1e3b-4e34-8092-6d17e5abb14e;3;angol;season_angol_7c6fe312-1e3b-4e34-8092-6d17e5abb14e;angol;3;Angol bajnokság 3;angol-3.csv;2026-09-12T05:50:27.331Z;902b5029;false;240;source-order;0;240;240;240;0;240;240
s0004;4;season_angol_c2e4105b-4548-4bf8-888d-e7549beae1f8;4;angol;season_angol_c2e4105b-4548-4bf8-888d-e7549beae1f8;angol;4;Angol bajnokság 4;angol-4.csv;2026-09-12T05:50:27.333Z;35c73200;false;240;source-order;0;240;240;240;0;240;240
s0005;5;season_angol_cff6e3c1-d004-4dc6-ba52-62c76b14024c;5;angol;season_angol_cff6e3c1-d004-4dc6-ba52-62c76b14024c;angol;5;Angol bajnokság 5;angol-5.csv;2026-09-12T05:50:27.335Z;c65dd49d;false;240;source-order;0;240;240;240;0;240;240
s0006;6;season_angol_1a334509-35e3-4e65-978b-6681706f7877;6;angol;season_angol_1a334509-35e3-4e65-978b-6681706f7877;angol;6;Angol bajnokság 6;angol-6.csv;2026-09-12T05:50:27.336Z;ec9e8894;false;240;source-order;0;240;240;240;0;240;240
s0007;7;season_angol_d32c4c8d-9b8b-4eb4-9484-a168fcd2949d;7;angol;season_angol_d32c4c8d-9b8b-4eb4-9484-a168fcd2949d;angol;7;Angol bajnokság 7;angol-7.csv;2026-09-12T05:50:27.337Z;bd7bc2d7;false;240;source-order;0;240;240;240;0;240;240
s0008;8;season_angol_5f7bca44-8ae0-47ce-8911-4cc9da713110;8;angol;season_angol_5f7bca44-8ae0-47ce-8911-4cc9da713110;angol;8;Angol bajnokság 8;angol-8.csv;2026-09-12T05:50:27.338Z;2a70d521;false;240;source-order;0;240;240;240;0;240;240
s0009;9;season_angol_848ea3a8-f0e2-4ae3-b153-79418b77cc45;9;angol;season_angol_848ea3a8-f0e2-4ae3-b153-79418b77cc45;angol;9;Angol bajnokság 9;angol-9.csv;2026-09-12T05:50:27.340Z;35dd3cec;false;240;source-order;0;240;240;240;0;240;240
s0010;10;season_angol_8ba3ea8f-6543-4712-8652-d8483bd3d2ef;10;angol;season_angol_8ba3ea8f-6543-4712-8652-d8483bd3d2ef;angol;10;Angol bajnokság 10;angol-10.csv;2026-09-12T05:50:27.342Z;ad204aa7;false;240;source-order;0;240;240;240;0;240;240
s0011;11;season_angol_95a78477-fa64-4a22-a005-8e2cedd1d995;11;angol;season_angol_95a78477-fa64-4a22-a005-8e2cedd1d995;angol;11;Angol bajnokság 11;angol-11.csv;2026-09-12T05:50:27.343Z;9434a107;false;240;source-order;0;240;240;240;0;240;240
s0012;12;season_angol_588f6b1d-7f76-4d80-a7ad-f37bae4e7c3a;12;angol;season_angol_588f6b1d-7f76-4d80-a7ad-f37bae4e7c3a;angol;12;Angol bajnokság 12;angol-12.csv;2026-09-12T05:50:27.345Z;38ecc8a6;false;240;source-order;0;240;240;240;0;240;240
s0013;13;season_angol_45e3249e-416c-4ee7-8f5c-13b0a49baa2c;13;angol;season_angol_45e3249e-416c-4ee7-8f5c-13b0a49baa2c;angol;13;Angol bajnokság 13;angol-13.csv;2026-09-12T05:50:27.346Z;eca2df49;false;240;source-order;0;240;240;240;0;240;240
s0014;14;season_angol_1f91cdbd-86f3-40c2-b4f4-9552f05548cd;14;angol;season_angol_1f91cdbd-86f3-40c2-b4f4-9552f05548cd;angol;14;Angol bajnokság 14;angol-14.csv;2026-09-12T05:50:27.347Z;1e9bf7ad;false;240;source-order;0;240;240;240;0;240;240
s0015;15;season_angol_4a715afc-1332-4723-bca2-dcc4e2146d5c;15;angol;season_angol_4a715afc-1332-4723-bca2-dcc4e2146d5c;angol;15;Angol bajnokság 15;angol-15.csv;2026-09-12T05:50:27.350Z;596e2fb8;false;240;source-order;0;240;240;240;0;240;240
s0016;16;season_angol_412db3f9-8991-45a8-a233-99145f39312a;16;angol;season_angol_412db3f9-8991-45a8-a233-99145f39312a;angol;16;Angol bajnokság 16;angol-16.csv;2026-09-12T05:50:27.352Z;3b4ae3b5;false;240;source-order;0;240;240;240;0;240;240
s0017;17;season_angol_654f671d-0f45-4e60-8ea3-a3fbb7e0a3e1;17;angol;season_angol_654f671d-0f45-4e60-8ea3-a3fbb7e0a3e1;angol;17;Angol bajnokság 17;angol-18.csv;2026-09-12T05:50:27.354Z;c93f112d;false;240;source-order;0;240;240;240;0;240;240
s0018;18;season_angol_43f41275-2ed0-4cd6-8ac0-97846cb6bf6d;18;angol;season_angol_43f41275-2ed0-4cd6-8ac0-97846cb6bf6d;angol;18;Angol bajnokság 18;angol-19.csv;2026-09-12T05:50:27.355Z;f36994a6;false;240;source-order;0;240;240;240;0;240;240
s0019;19;season_spanyol_c6cdd9f8-1ad4-4b19-b042-200d2b08e680;1;spanyol;season_spanyol_c6cdd9f8-1ad4-4b19-b042-200d2b08e680;spanyol;1;Spanyol bajnokság 1;spanyol-1.csv;2026-09-12T05:50:27.358Z;e4f09f1c;false;240;source-order;0;240;240;240;0;240;240
s0020;20;season_spanyol_2a8d3e7f-800d-40e7-8def-ee6b5521a89c;2;spanyol;season_spanyol_2a8d3e7f-800d-40e7-8def-ee6b5521a89c;spanyol;2;Spanyol bajnokság 2;spanyol-2.csv;2026-09-12T05:50:27.359Z;a3d46a81;false;240;source-order;0;240;240;240;0;240;240
s0021;21;season_spanyol_fefa4639-5c31-4f0d-8c4e-a0ecafb95405;3;spanyol;season_spanyol_fefa4639-5c31-4f0d-8c4e-a0ecafb95405;spanyol;3;Spanyol bajnokság 3;spanyol-3.csv;2026-09-12T05:50:27.360Z;328cde95;false;240;source-order;0;240;240;240;0;240;240
s0022;22;season_spanyol_f8243337-54fc-4821-a85c-e6aa32124cb6;4;spanyol;season_spanyol_f8243337-54fc-4821-a85c-e6aa32124cb6;spanyol;4;Spanyol bajnokság 4;spanyol-4.csv;2026-09-12T05:50:27.362Z;3d293633;false;240;source-order;0;240;240;240;0;240;240
s0023;23;season_spanyol_a838c493-5531-41ad-a864-d04e9c18168e;5;spanyol;season_spanyol_a838c493-5531-41ad-a864-d04e9c18168e;spanyol;5;Spanyol bajnokság 5;spanyol-5.csv;2026-09-12T05:50:27.363Z;2ee4b007;false;240;source-order;0;240;240;240;0;240;240
s0024;24;season_spanyol_04cf15ab-0ab6-4cc2-ae73-8e8ea5f1acfe;6;spanyol;season_spanyol_04cf15ab-0ab6-4cc2-ae73-8e8ea5f1acfe;spanyol;6;Spanyol bajnokság 6;spanyol-6.csv;2026-09-12T05:50:27.364Z;b6d33ed;false;240;source-order;0;240;240;240;0;240;240
s0025;25;season_spanyol_29541f84-c4dd-49ff-a44f-6551aeaa9b80;7;spanyol;season_spanyol_29541f84-c4dd-49ff-a44f-6551aeaa9b80;spanyol;7;Spanyol bajnokság 7;spanyol-7.csv;2026-09-12T05:50:27.365Z;ca5d6d54;false;240;source-order;0;240;240;240;0;240;240
s0026;26;season_spanyol_a38585ba-b23d-4736-bbe4-93ab95d9517d;8;spanyol;season_spanyol_a38585ba-b23d-4736-bbe4-93ab95d9517d;spanyol;8;Spanyol bajnokság 8;spanyol-8.csv;2026-09-12T05:50:27.367Z;83e1d49a;false;240;source-order;0;240;240;240;0;240;240
s0027;27;season_spanyol_036bf7bd-98bf-4005-88b9-4af3a9112a6b;9;spanyol;season_spanyol_036bf7bd-98bf-4005-88b9-4af3a9112a6b;spanyol;9;Spanyol bajnokság 9;spanyol-9.csv;2026-09-12T05:50:27.368Z;fc6801d4;false;240;source-order;0;240;240;240;0;240;240
s0028;28;season_spanyol_6482229f-8750-4c06-bfe7-ab74e744b7e7;10;spanyol;season_spanyol_6482229f-8750-4c06-bfe7-ab74e744b7e7;spanyol;10;Spanyol bajnokság 10;spanyol-10.csv;2026-09-12T05:50:27.369Z;e54d6a52;false;240;source-order;0;240;240;240;0;240;240
s0029;29;season_spanyol_56146a8a-c4b3-4b16-a6c8-466ba9b766b5;11;spanyol;season_spanyol_56146a8a-c4b3-4b16-a6c8-466ba9b766b5;spanyol;11;Spanyol bajnokság 11;spanyol-11.csv;2026-09-12T05:50:27.371Z;ab02a402;false;240;source-order;0;240;240;240;0;240;240
s0030;30;season_spanyol_0d7aa123-a537-4563-94ec-550431ce4919;12;spanyol;season_spanyol_0d7aa123-a537-4563-94ec-550431ce4919;spanyol;12;Spanyol bajnokság 12;spanyol-12.csv;2026-09-12T05:50:27.372Z;39f3a622;false;240;source-order;0;240;240;240;0;240;240
s0031;31;season_spanyol_3aae59c6-31bf-4f1b-adb5-cadbfa6fe686;13;spanyol;season_spanyol_3aae59c6-31bf-4f1b-adb5-cadbfa6fe686;spanyol;13;Spanyol bajnokság 13;spanyol-13.csv;2026-09-12T05:50:27.374Z;56bc8e74;false;240;source-order;0;240;240;240;0;240;240
s0032;32;season_spanyol_0f4fc82c-fb34-45c3-b9e1-ac908e47ce4f;14;spanyol;season_spanyol_0f4fc82c-fb34-45c3-b9e1-ac908e47ce4f;spanyol;14;Spanyol bajnokság 14;spanyol-14.csv;2026-09-12T05:50:27.375Z;ece47d43;false;240;source-order;0;240;240;240;0;240;240
s0033;33;season_spanyol_61f127da-d6d1-48aa-9092-4f18fcb7f2e4;15;spanyol;season_spanyol_61f127da-d6d1-48aa-9092-4f18fcb7f2e4;spanyol;15;Spanyol bajnokság 15;spanyol-15.csv;2026-09-12T05:50:27.377Z;b3758d39;false;240;source-order;0;240;240;240;0;240;240
s0034;34;season_spanyol_8a371d85-994c-4010-950d-7a549e7cf473;16;spanyol;season_spanyol_8a371d85-994c-4010-950d-7a549e7cf473;spanyol;16;Spanyol bajnokság 16;spanyol-16.csv;2026-09-12T05:50:27.378Z;55842c08;false;240;source-order;0;240;240;240;0;240;240
s0035;35;season_spanyol_438db913-7688-4b68-9af8-c092e6c757d8;17;spanyol;season_spanyol_438db913-7688-4b68-9af8-c092e6c757d8;spanyol;17;Spanyol bajnokság 17;spanyol-17.csv;2026-09-12T05:50:27.379Z;a1e615bf;false;240;source-order;0;240;240;240;0;240;240
s0036;36;season_spanyol_93a7c49a-8432-4d30-9c2c-3cdcfda81fdf;18;spanyol;season_spanyol_93a7c49a-8432-4d30-9c2c-3cdcfda81fdf;spanyol;18;Spanyol bajnokság 18;spanyol-18.csv;2026-09-12T05:50:27.380Z;bcf112d8;false;240;source-order;0;240;240;240;0;240;240
s0037;37;season_angol_9754827f-e2c4-4599-9edd-ab174ed29a51;19;angol;season_angol_9754827f-e2c4-4599-9edd-ab174ed29a51;angol;19;Angol bajnokság 19;league_23.csv;2026-09-15T10:57:26.491Z;62088228;false;240;source-order;0;240;240;0;240;240;240
s0038;38;season_angol_b4e9e5b1-0344-4a12-8a6a-aa2beda74936;20;angol;season_angol_b4e9e5b1-0344-4a12-8a6a-aa2beda74936;angol;20;Angol bajnokság 20;league_22.csv;2026-09-15T10:57:26.494Z;13989e74;false;240;source-order;0;240;240;0;240;240;240
s0039;39;season_angol_14d9eb1b-f056-445d-b0f0-64e5d888523d;21;angol;season_angol_14d9eb1b-f056-445d-b0f0-64e5d888523d;angol;21;Angol bajnokság 21;league_21.csv;2026-09-15T10:57:26.500Z;163da3e9;false;240;source-order;0;240;240;0;240;240;240
s0040;40;season_angol_0ace5477-b77e-448b-84e2-7e880dda6046;22;angol;season_angol_0ace5477-b77e-448b-84e2-7e880dda6046;angol;22;Angol bajnokság 22;league_20.csv;2026-09-15T10:57:26.502Z;2bcc3e8c;false;240;source-order;0;240;240;0;240;240;240
s0041;41;season_angol_21feb714-b1d3-4541-a177-5d12715e11ad;23;angol;season_angol_21feb714-b1d3-4541-a177-5d12715e11ad;angol;23;Angol bajnokság 23;league_19.csv;2026-09-15T10:57:26.505Z;1e4c7b82;false;240;source-order;0;240;240;0;240;240;240
s0042;42;season_angol_0c7ab817-d290-4c2d-84f4-7df5e409c30d;24;angol;season_angol_0c7ab817-d290-4c2d-84f4-7df5e409c30d;angol;24;Angol bajnokság 24;league_18.csv;2026-09-15T10:57:26.507Z;2a15c506;false;240;source-order;0;240;240;0;240;240;240
s0043;43;season_angol_3a3d8a29-9e88-44eb-b8c1-3727647e6dfb;25;angol;season_angol_3a3d8a29-9e88-44eb-b8c1-3727647e6dfb;angol;25;Angol bajnokság 25;league_17.csv;2026-09-15T10:57:26.509Z;3b2ff586;false;240;source-order;0;240;240;0;240;240;240
s0044;44;season_angol_18a2f761-55cd-4807-92e5-d67e0ccc60db;26;angol;season_angol_18a2f761-55cd-4807-92e5-d67e0ccc60db;angol;26;Angol bajnokság 26;league_16.csv;2026-09-15T10:57:26.511Z;ac8a93a5;false;240;source-order;0;240;240;0;240;240;240
s0045;45;season_angol_0bce9055-34aa-4cce-92e7-50b3d4ecc0d3;27;angol;season_angol_0bce9055-34aa-4cce-92e7-50b3d4ecc0d3;angol;27;Angol bajnokság 27;league_15.csv;2026-09-15T10:57:26.514Z;e67fe162;false;240;source-order;0;240;240;0;240;240;240
s0046;46;season_angol_c40eea3b-cfcb-4b32-98af-3090f9c7f5aa;28;angol;season_angol_c40eea3b-cfcb-4b32-98af-3090f9c7f5aa;angol;28;Angol bajnokság 28;league_14.csv;2026-09-15T10:57:26.516Z;b9f3d4ec;false;240;source-order;0;240;240;0;240;240;240
s0047;47;season_angol_55960038-0b39-4c7a-9c97-95c9e9b692c5;29;angol;season_angol_55960038-0b39-4c7a-9c97-95c9e9b692c5;angol;29;Angol bajnokság 29;league_13.csv;2026-09-15T10:57:26.518Z;b80b08a3;false;240;source-order;0;240;240;0;240;240;240
s0048;48;season_angol_197e5181-5fe7-427c-9ff9-b95d8c6d5470;30;angol;season_angol_197e5181-5fe7-427c-9ff9-b95d8c6d5470;angol;30;Angol bajnokság 30;league_12.csv;2026-09-15T10:57:26.520Z;ad0ff6ac;false;240;source-order;0;240;240;0;240;240;240
s0049;49;season_angol_4957a91d-56ef-49a3-8431-a244906b73f0;31;angol;season_angol_4957a91d-56ef-49a3-8431-a244906b73f0;angol;31;Angol bajnokság 31;league_11.csv;2026-09-15T10:57:26.523Z;93f9130e;false;240;source-order;0;240;240;0;240;240;240
s0050;50;season_angol_3dd8dad7-6b6f-4a47-aa10-c99fdaf2dc33;32;angol;season_angol_3dd8dad7-6b6f-4a47-aa10-c99fdaf2dc33;angol;32;Angol bajnokság 32;league_10.csv;2026-09-15T10:57:26.528Z;5059fb2e;false;240;source-order;0;240;240;0;240;240;240
s0051;51;season_angol_84044449-3ae3-4992-8096-e75655282fb1;33;angol;season_angol_84044449-3ae3-4992-8096-e75655282fb1;angol;33;Angol bajnokság 33;league_09.csv;2026-09-15T10:57:26.531Z;b8b42216;false;240;source-order;0;240;240;0;240;240;240
s0052;52;season_angol_9c65359d-d63e-47f6-9958-14615c068fe9;34;angol;season_angol_9c65359d-d63e-47f6-9958-14615c068fe9;angol;34;Angol bajnokság 34;league_08.csv;2026-09-15T10:57:26.534Z;55e720bc;false;240;source-order;0;240;240;0;240;240;240
s0053;53;season_angol_62d4c33b-b813-46e0-9c8b-b6ca291a8788;35;angol;season_angol_62d4c33b-b813-46e0-9c8b-b6ca291a8788;angol;35;Angol bajnokság 35;league_07.csv;2026-09-15T10:57:26.536Z;263feb38;false;240;source-order;0;240;240;0;240;240;240
s0054;54;season_angol_92e8dd9f-dbeb-4954-829a-877d4862e62d;36;angol;season_angol_92e8dd9f-dbeb-4954-829a-877d4862e62d;angol;36;Angol bajnokság 36;league_06.csv;2026-09-15T10:57:26.538Z;18a802a5;false;240;source-order;0;240;240;0;240;240;240
s0055;55;season_angol_f68f5cd3-bb87-4347-8974-20f75a24385c;37;angol;season_angol_f68f5cd3-bb87-4347-8974-20f75a24385c;angol;37;Angol bajnokság 37;league_05.csv;2026-09-15T10:57:26.540Z;e8b8ffec;false;240;source-order;0;240;240;0;240;240;240
s0056;56;season_angol_64deef11-d928-495f-bf1f-0011515da759;38;angol;season_angol_64deef11-d928-495f-bf1f-0011515da759;angol;38;Angol bajnokság 38;league_04.csv;2026-09-15T10:57:26.542Z;5545249d;false;240;source-order;0;240;240;0;240;240;240
s0057;57;season_angol_514620a5-2b0f-4b44-8dbf-e2ee1bfc4704;39;angol;season_angol_514620a5-2b0f-4b44-8dbf-e2ee1bfc4704;angol;39;Angol bajnokság 39;league_03.csv;2026-09-15T10:57:26.544Z;7cc5bec4;false;240;source-order;0;240;240;0;240;240;240
s0058;58;season_angol_72a3e945-a99c-420a-ad08-87293f7b582d;40;angol;season_angol_72a3e945-a99c-420a-ad08-87293f7b582d;angol;40;Angol bajnokság 40;league_02.csv;2026-09-15T10:57:26.546Z;3bde956;false;240;source-order;0;240;240;0;240;240;240
s0059;59;season_angol_470facee-ce2f-44d8-afb5-aa8e34e289c1;41;angol;season_angol_470facee-ce2f-44d8-afb5-aa8e34e289c1;angol;41;Angol bajnokság 41;league_01.csv;2026-09-15T10:57:26.548Z;e860c90b;false;240;source-order;0;240;240;0;240;240;240
s0060;60;season_angol_dd41697e-d2f5-4c23-a83b-7dcc9ee74076;42;angol;season_angol_dd41697e-d2f5-4c23-a83b-7dcc9ee74076;angol;42;Angol bajnokság 42;22.csv;2026-09-15T11:01:42.809Z;baedda5e;false;240;source-order;0;240;240;240;0;240;240
s0061;61;season_angol_78ba157e-65ae-49d0-8f80-1c25db3d1068;43;angol;season_angol_78ba157e-65ae-49d0-8f80-1c25db3d1068;angol;43;Angol bajnokság 43;1.csv;2026-09-15T11:01:42.812Z;5458d9d7;false;240;source-order;0;240;240;240;0;240;240
s0062;62;season_angol_61059fe9-f8ee-47ab-8abd-bb99fcfea983;44;angol;season_angol_61059fe9-f8ee-47ab-8abd-bb99fcfea983;angol;44;Angol bajnokság 44;2.csv;2026-09-15T11:01:42.815Z;71e3238c;false;240;source-order;0;240;240;240;0;240;240
s0063;63;season_angol_f7632f55-b6e9-48c0-af80-c070c5baa72c;45;angol;season_angol_f7632f55-b6e9-48c0-af80-c070c5baa72c;angol;45;Angol bajnokság 45;3.csv;2026-09-15T11:01:42.817Z;807bee9d;false;240;source-order;0;240;240;240;0;240;240
s0064;64;season_angol_f81c43e8-4956-4e5d-8b44-f2d804df23c2;46;angol;season_angol_f81c43e8-4956-4e5d-8b44-f2d804df23c2;angol;46;Angol bajnokság 46;4.csv;2026-09-15T11:01:42.821Z;a63bafa5;false;240;source-order;0;240;240;240;0;240;240
s0065;65;season_angol_3bdc63b8-1dcd-4cf2-a506-3efe84ed8191;47;angol;season_angol_3bdc63b8-1dcd-4cf2-a506-3efe84ed8191;angol;47;Angol bajnokság 47;5.csv;2026-09-15T11:01:42.824Z;8eda2894;false;240;source-order;0;240;240;240;0;240;240
s0066;66;season_angol_644fb67f-f179-40b9-b14f-1dae843e412d;48;angol;season_angol_644fb67f-f179-40b9-b14f-1dae843e412d;angol;48;Angol bajnokság 48;6.csv;2026-09-15T11:01:42.826Z;8af79443;false;240;source-order;0;240;240;240;0;240;240
s0067;67;season_angol_ec9ad8fb-3917-4300-b759-58695882aaf3;49;angol;season_angol_ec9ad8fb-3917-4300-b759-58695882aaf3;angol;49;Angol bajnokság 49;7.csv;2026-09-15T11:01:42.828Z;5dce3fc2;false;240;source-order;0;240;240;240;0;240;240
s0068;68;season_angol_b672e67c-6f56-432e-897b-c36cc3163ea2;50;angol;season_angol_b672e67c-6f56-432e-897b-c36cc3163ea2;angol;50;Angol bajnokság 50;8.csv;2026-09-15T11:01:42.830Z;dcd66c35;false;240;source-order;0;240;240;240;0;240;240
s0069;69;season_angol_04ce86a4-0693-434c-994d-c0a5fd4f768f;51;angol;season_angol_04ce86a4-0693-434c-994d-c0a5fd4f768f;angol;51;Angol bajnokság 51;9.csv;2026-09-15T11:01:42.833Z;e7bf89e6;false;240;source-order;0;240;240;240;0;240;240
s0070;70;season_angol_9970781b-b0e4-4dff-8eb9-14e6ee1bc6f3;52;angol;season_angol_9970781b-b0e4-4dff-8eb9-14e6ee1bc6f3;angol;52;Angol bajnokság 52;10.csv;2026-09-15T11:01:42.835Z;ca19e697;false;240;source-order;0;240;240;240;0;240;240
s0071;71;season_angol_e5b1b047-1fc1-40f1-83c4-6c6716c63383;53;angol;season_angol_e5b1b047-1fc1-40f1-83c4-6c6716c63383;angol;53;Angol bajnokság 53;11.csv;2026-09-15T11:01:42.837Z;67b5bbe3;false;240;source-order;0;240;240;240;0;240;240
s0072;72;season_angol_b0f3f57d-3be3-44b7-9a34-51cbe88c2f21;54;angol;season_angol_b0f3f57d-3be3-44b7-9a34-51cbe88c2f21;angol;54;Angol bajnokság 54;12.csv;2026-09-15T11:01:42.839Z;bd840f08;false;240;source-order;0;240;240;240;0;240;240
s0073;73;season_angol_ee28d4d1-40d0-44d3-b750-4b479b5ce450;55;angol;season_angol_ee28d4d1-40d0-44d3-b750-4b479b5ce450;angol;55;Angol bajnokság 55;13.csv;2026-09-15T11:01:42.841Z;2bbda88;false;240;source-order;0;240;240;240;0;240;240
s0074;74;season_angol_c68ffd3e-77e2-4b7a-bd21-c5d27edf38ea;56;angol;season_angol_c68ffd3e-77e2-4b7a-bd21-c5d27edf38ea;angol;56;Angol bajnokság 56;14.csv;2026-09-15T11:01:42.844Z;2c3478a7;false;240;source-order;0;240;240;240;0;240;240
s0075;75;season_angol_e7144b68-c7c5-4e60-9da9-e63ea5cf913d;57;angol;season_angol_e7144b68-c7c5-4e60-9da9-e63ea5cf913d;angol;57;Angol bajnokság 57;15.csv;2026-09-15T11:01:42.847Z;a8dcc7ff;false;240;source-order;0;240;240;240;0;240;240
s0076;76;season_angol_3b09eaf2-558d-450e-a494-af9ba15feb3d;58;angol;season_angol_3b09eaf2-558d-450e-a494-af9ba15feb3d;angol;58;Angol bajnokság 58;16.csv;2026-09-15T11:01:42.848Z;658b04fb;false;240;source-order;0;240;240;240;0;240;240
s0077;77;season_angol_08ed7c51-c671-44c8-9676-37e153d874e6;59;angol;season_angol_08ed7c51-c671-44c8-9676-37e153d874e6;angol;59;Angol bajnokság 59;17.csv;2026-09-15T11:01:42.850Z;f4dcb84c;false;240;source-order;0;240;240;240;0;240;240
s0078;78;season_angol_defb0616-de33-4406-8467-b56479187caf;60;angol;season_angol_defb0616-de33-4406-8467-b56479187caf;angol;60;Angol bajnokság 60;18.csv;2026-09-15T11:01:42.853Z;a91ca6d2;false;240;source-order;0;240;240;240;0;240;240
s0079;79;season_angol_5f91c692-b804-4183-bfd5-2aeac94f1e81;61;angol;season_angol_5f91c692-b804-4183-bfd5-2aeac94f1e81;angol;61;Angol bajnokság 61;19.csv;2026-09-15T11:01:42.855Z;d7d9893e;false;240;source-order;0;240;240;240;0;240;240
s0080;80;season_angol_ca0fe97a-6159-4d5a-b89b-10beb6828745;62;angol;season_angol_ca0fe97a-6159-4d5a-b89b-10beb6828745;angol;62;Angol bajnokság 62;21.csv;2026-09-15T11:01:42.858Z;d6ca19a5;false;240;source-order;0;240;240;240;0;240;240
s0081;81;season_spanyol_5b5cf8e2-970a-4199-b088-4de9e58d436d;19;spanyol;season_spanyol_5b5cf8e2-970a-4199-b088-4de9e58d436d;spanyol;19;Spanyol bajnokság 19;20.csv;2026-09-15T11:12:26.330Z;471e3332;false;240;source-order;0;240;240;240;0;240;240
s0082;82;season_spanyol_a7226f58-d03a-4069-a40d-fe2a889fe6c6;20;spanyol;season_spanyol_a7226f58-d03a-4069-a40d-fe2a889fe6c6;spanyol;20;Spanyol bajnokság 20;21.csv;2026-09-15T11:12:26.333Z;911776f0;false;240;source-order;0;240;240;240;0;240;240
s0083;83;season_spanyol_15b4bf8f-fd69-482d-80d4-15233643dbf3;21;spanyol;season_spanyol_15b4bf8f-fd69-482d-80d4-15233643dbf3;spanyol;21;Spanyol bajnokság 21;22.csv;2026-09-15T11:12:26.335Z;630893ed;false;240;source-order;0;240;240;240;0;240;240
s0084;84;season_spanyol_f59e6c1e-5ee4-410b-bcbd-4e881aa60d9d;22;spanyol;season_spanyol_f59e6c1e-5ee4-410b-bcbd-4e881aa60d9d;spanyol;22;Spanyol bajnokság 22;23.csv;2026-09-15T11:12:26.339Z;c082eab8;false;240;source-order;0;240;240;240;0;240;240
s0085;85;season_spanyol_1eb1f219-d69b-41ff-8ae5-6f90066b8e45;23;spanyol;season_spanyol_1eb1f219-d69b-41ff-8ae5-6f90066b8e45;spanyol;23;Spanyol bajnokság 23;117.csv;2026-09-15T11:12:26.340Z;5f958d6b;false;240;source-order;0;240;240;240;0;240;240
s0086;86;season_spanyol_32e83661-4c25-452a-95f6-00f88582b2f1;24;spanyol;season_spanyol_32e83661-4c25-452a-95f6-00f88582b2f1;spanyol;24;Spanyol bajnokság 24;1.csv;2026-09-15T11:12:26.342Z;bb7de6c3;false;240;source-order;0;240;240;240;0;240;240
s0087;87;season_spanyol_9904063b-d12d-46b8-9e9f-7850818da0f5;25;spanyol;season_spanyol_9904063b-d12d-46b8-9e9f-7850818da0f5;spanyol;25;Spanyol bajnokság 25;2.csv;2026-09-15T11:12:26.344Z;4b9f8b40;false;240;source-order;0;240;240;240;0;240;240
s0088;88;season_spanyol_261891aa-d147-41ec-a469-ab9d9b1996ce;26;spanyol;season_spanyol_261891aa-d147-41ec-a469-ab9d9b1996ce;spanyol;26;Spanyol bajnokság 26;3.csv;2026-09-15T11:12:26.346Z;c97539e0;false;240;source-order;0;240;240;240;0;240;240
s0089;89;season_spanyol_12905941-4f8f-4a8a-94ec-6c1273def338;27;spanyol;season_spanyol_12905941-4f8f-4a8a-94ec-6c1273def338;spanyol;27;Spanyol bajnokság 27;4.csv;2026-09-15T11:12:26.347Z;36cc3865;false;240;source-order;0;240;240;240;0;240;240
s0090;90;season_spanyol_8a818375-17b8-4706-9773-7e43e5de91de;28;spanyol;season_spanyol_8a818375-17b8-4706-9773-7e43e5de91de;spanyol;28;Spanyol bajnokság 28;5.csv;2026-09-15T11:12:26.349Z;e912ae4b;false;240;source-order;0;240;240;240;0;240;240
s0091;91;season_spanyol_2cead41d-ebc0-4aae-bfe4-4e6efaf83d25;29;spanyol;season_spanyol_2cead41d-ebc0-4aae-bfe4-4e6efaf83d25;spanyol;29;Spanyol bajnokság 29;6.csv;2026-09-15T11:12:26.351Z;fd8e7b04;false;240;source-order;0;240;240;240;0;240;240
s0092;92;season_spanyol_48a3d603-59d7-40aa-9272-4434d6ab9b48;30;spanyol;season_spanyol_48a3d603-59d7-40aa-9272-4434d6ab9b48;spanyol;30;Spanyol bajnokság 30;7.csv;2026-09-15T11:12:26.355Z;dc474ffa;false;240;source-order;0;240;240;240;0;240;240
s0093;93;season_spanyol_d6440d94-89d2-4c01-ac44-5547e878eef2;31;spanyol;season_spanyol_d6440d94-89d2-4c01-ac44-5547e878eef2;spanyol;31;Spanyol bajnokság 31;8.csv;2026-09-15T11:12:26.357Z;fa3db3ef;false;240;source-order;0;240;240;240;0;240;240
s0094;94;season_spanyol_d4d7899b-4971-41c9-b1d8-c0af9c289c31;32;spanyol;season_spanyol_d4d7899b-4971-41c9-b1d8-c0af9c289c31;spanyol;32;Spanyol bajnokság 32;9.csv;2026-09-15T11:12:26.359Z;8fe558a1;false;240;source-order;0;240;240;240;0;240;240
s0095;95;season_spanyol_9edd12c1-8447-44d2-9a46-5b11dbda3ab5;33;spanyol;season_spanyol_9edd12c1-8447-44d2-9a46-5b11dbda3ab5;spanyol;33;Spanyol bajnokság 33;10.csv;2026-09-15T11:12:26.361Z;8ba6bfbe;false;240;source-order;0;240;240;240;0;240;240
s0096;96;season_spanyol_5444ee13-55fe-4bf6-b14f-e64f50271a0d;34;spanyol;season_spanyol_5444ee13-55fe-4bf6-b14f-e64f50271a0d;spanyol;34;Spanyol bajnokság 34;11.csv;2026-09-15T11:12:26.363Z;55d0ab9a;false;240;source-order;0;240;240;240;0;240;240
s0097;97;season_spanyol_8d805fd0-e85e-4e45-b858-ba0cd0b006f9;35;spanyol;season_spanyol_8d805fd0-e85e-4e45-b858-ba0cd0b006f9;spanyol;35;Spanyol bajnokság 35;12.csv;2026-09-15T11:12:26.364Z;5c40af8f;false;240;source-order;0;240;240;240;0;240;240
s0098;98;season_spanyol_ce32da4e-7ef1-41af-9853-d51cb7bbf9ff;36;spanyol;season_spanyol_ce32da4e-7ef1-41af-9853-d51cb7bbf9ff;spanyol;36;Spanyol bajnokság 36;13.csv;2026-09-15T11:12:26.366Z;c6378b20;false;240;source-order;0;240;240;240;0;240;240
s0099;99;season_spanyol_966100d3-3799-43b4-bcf6-5bb01ad82079;37;spanyol;season_spanyol_966100d3-3799-43b4-bcf6-5bb01ad82079;spanyol;37;Spanyol bajnokság 37;14.csv;2026-09-15T11:12:26.369Z;8b48624f;false;240;source-order;0;240;240;240;0;240;240
s0100;100;season_spanyol_d520d9fc-0ab6-4a1b-907c-261823396618;38;spanyol;season_spanyol_d520d9fc-0ab6-4a1b-907c-261823396618;spanyol;38;Spanyol bajnokság 38;15.csv;2026-09-15T11:12:26.371Z;71870971;false;240;source-order;0;240;240;240;0;240;240
s0101;101;season_spanyol_e2a1e3f7-cc11-4ca3-819d-c752eef49ecc;39;spanyol;season_spanyol_e2a1e3f7-cc11-4ca3-819d-c752eef49ecc;spanyol;39;Spanyol bajnokság 39;16.csv;2026-09-15T11:12:26.372Z;c3a052af;false;240;source-order;0;240;240;240;0;240;240
s0102;102;season_spanyol_e3b7b4ff-56f9-45bf-9ab0-8268e8d2f9f5;40;spanyol;season_spanyol_e3b7b4ff-56f9-45bf-9ab0-8268e8d2f9f5;spanyol;40;Spanyol bajnokság 40;18.csv;2026-09-15T11:12:26.374Z;870068cb;false;240;source-order;0;240;240;240;0;240;240
s0103;103;season_spanyol_fa8300d4-4487-4c97-80c9-f8f59088602b;41;spanyol;season_spanyol_fa8300d4-4487-4c97-80c9-f8f59088602b;spanyol;41;Spanyol bajnokság 41;19.csv;2026-09-15T11:12:26.376Z;ac564181;false;240;source-order;0;240;240;240;0;240;240
