/league;/source_index;/data/fittedAtMatchIndex;/data/T;/data/ece;/data/sampleSize
angol;1;36;1;0,057344629389650945;36
angol;2;54;1,8;0,03954637203405266;54
angol;3;72;1,5;0,04486150213427353;72
angol;4;90;1,3;0,012133456648362677;90
angol;5;108;1,4;0,007067225877095858;108
angol;6;126;1,75;0,02497274541966799;126
angol;7;144;1,55;0,014748272372009995;144
angol;8;162;1,65;0,02417386346637694;162
angol;9;180;1,65;0,025658755973991507;180
angol;10;198;1,55;0,023823538871772753;198
angol;11;216;1,5;0,027664084410498176;216
angol;12;234;1,4;0,02854584624094605;234
angol;13;252;1,45;0,02128273234498979;252
angol;14;270;1,45;0,018938164080885986;270
angol;15;288;1,45;0,015319550370197854;288
angol;16;306;1,45;0,014475798572247041;306
angol;17;324;1,4;0,014553204300918485;324
angol;18;342;1,4;0,016778729572118713;342
angol;19;360;1,35;0,018967736575561653;360
angol;20;378;1,35;0,021796662998011033;378
angol;21;396;1,3;0,01765022599159216;396
angol;22;414;1,3;0,019068386097779312;414
angol;23;432;1,35;0,020475511783133844;432
angol;24;450;1,3;0,01843342380090605;450
angol;25;468;1,3;0,018427656834028687;468
angol;26;486;1,25;0,016520644912981348;486
angol;27;504;1,25;0,01770265696349244;504
angol;28;522;1,25;0,015898665865609434;522
angol;29;540;1,25;0,014865814594308214;540
angol;30;558;1,3;0,0199757212799549;558
angol;31;576;1,25;0,013732483622728437;576
angol;32;594;1,25;0,01606526693509368;594
angol;33;612;1,2;0,015419917075836592;612
angol;34;630;1,2;0,016357042115519686;630
angol;35;648;1,2;0,013298010261186098;648
angol;36;666;1,2;0,016772806202378157;666
angol;37;684;1,15;0,021796500831254364;684
angol;38;702;1,2;0,019141462082185486;702
angol;39;720;1,15;0,02023075298724555;720
angol;40;738;1,15;0,023119581036778136;738
angol;41;756;1,15;0,02166821915065386;756
angol;42;774;1,15;0,022020369830124918;774
angol;43;792;1,1;0,027459461710051876;792
angol;44;810;1,1;0,02649133064047308;810
angol;45;828;1,1;0,02731005247895633;828
angol;46;846;1,1;0,026421210487407622;846
angol;47;864;1,1;0,027465941596977028;864
angol;48;882;1,1;0,023418707207748926;882
angol;49;900;1,1;0,021584304840546176;900
angol;50;918;1,1;0,02052461584202863;918
angol;51;936;1,1;0,021897363406354467;936
angol;52;954;1,1;0,021360778465149142;954
angol;53;972;1,1;0,022000373367834537;972
angol;54;990;1,1;0,020965683508645496;990
angol;55;1008;1,1;0,020553473970217714;1008
angol;56;1026;1,1;0,019668428928206;1026
angol;57;1044;1,1;0,019644766390325336;1044
angol;58;1062;1,1;0,02029295044733965;1062
angol;59;1080;1,1;0,020701085572496832;1080
angol;60;1098;1,1;0,02082132481794581;1098
angol;61;1116;1,1;0,019486138419326716;1116
angol;62;1134;1,1;0,020941957968088697;1134
angol;63;1152;1,1;0,019525763804725257;1152
angol;64;1170;1,1;0,019806040417117334;1170
angol;65;1188;1,1;0,019041359529699722;1188
angol;66;1206;1,1;0,018634363827212317;1206
angol;67;1224;1,1;0,01868921809194962;1224
angol;68;1242;1,1;0,018715132131093007;1242
angol;69;1260;1,1;0,01746064553244357;1260
angol;70;1278;1,1;0,01696899271958578;1278
angol;71;1296;1,1;0,01773386629749727;1296
angol;72;1314;1,1;0,01765187706849654;1314
angol;73;1332;1,1;0,018549986594073756;1332
angol;74;1350;1,1;0,017235255052769797;1350
angol;75;1368;1,1;0,018127768452442846;1368
angol;76;1386;1,1;0,018352617534198767;1386
angol;77;1404;1,1;0,017215136780444215;1404
angol;78;1422;1,1;0,018755009929439258;1422
angol;79;1440;1,1;0,01806559151983663;1440
angol;80;1458;1,1;0,015291964213657873;1458
angol;81;1476;1,1;0,015923959933668717;1476
angol;82;1494;1,1;0,017910198967618318;1494
angol;83;1512;1,1;0,017618920200561366;1512
angol;84;1530;1,1;0,017431178062129113;1530
angol;85;1548;1,1;0,018001200981507325;1548
angol;86;1566;1,1;0,017994797959020425;1566
angol;87;1584;1,1;0,017993756150201108;1584
angol;88;1602;1,1;0,018625192394384805;1602
angol;89;1620;1,1;0,01878774771950134;1620
angol;90;1638;1,1;0,01934570817788678;1638
angol;91;1656;1,1;0,019247600528585436;1656
angol;92;1674;1,1;0,020240077795434772;1674
angol;93;1692;1,1;0,020597110374699624;1692
angol;94;1710;1,1;0,020298991867090582;1710
angol;95;1728;1,1;0,019107059112720558;1728
angol;96;1746;1,1;0,019409972256029737;1746
angol;97;1764;1,1;0,019025636802733212;1764
angol;98;1782;1,1;0,018312126907098783;1782
angol;99;1800;1,1;0,0170893287009774;1800
angol;100;1818;1,1;0,01780628686947049;1818
angol;101;1836;1,1;0,01800195530677368;1836
angol;102;1854;1,1;0,017715353444446563;1854
angol;103;1872;1,1;0,01804612452309904;1872
angol;104;1890;1,1;0,017451448055483043;1890
angol;105;1908;1,1;0,017937389488254567;1908
angol;106;1926;1,1;0,017815863006225112;1926
angol;107;1944;1,1;0,016792896336415085;1944
angol;108;1962;1,05;0,015335033229281918;1962
angol;109;1980;1,05;0,014644519931603197;1980
angol;110;1998;1,05;0,01496434550762584;1998
angol;111;2016;1,05;0,015509694666843214;2016
angol;112;2034;1,05;0,014827345373312093;2034
angol;113;2052;1,05;0,01480826908299609;2052
angol;114;2070;1,05;0,01555436812845104;2070
angol;115;2088;1,05;0,015243357847335527;2088
angol;116;2106;1,05;0,015242914969661769;2106
angol;117;2124;1,05;0,01524279150956616;2124
angol;118;2142;1,05;0,014092042115060651;2142
angol;119;2160;1,05;0,01404415929426706;2160
angol;120;2178;1,05;0,01525856759947951;2178
angol;121;2196;1,05;0,01592183629892854;2196
angol;122;2214;1,05;0,01570892420520465;2214
angol;123;2232;1,05;0,015630961370643036;2232
angol;124;2250;1,05;0,015671074803529823;2250
angol;125;2268;1,05;0,015195361445022522;2268
angol;126;2286;1,05;0,01557629906522607;2286
angol;127;2304;1,05;0,015970580012309433;2304
angol;128;2322;1,05;0,015599359713284118;2322
angol;129;2340;1,05;0,01602101254285553;2340
angol;130;2358;1,05;0,015421043110401177;2358
angol;131;2376;1;0,011507891889791337;2376
angol;132;2394;1,05;0,014800260523041476;2394
angol;133;2412;1,05;0,014861246419844756;2412
angol;134;2430;1,05;0,015858991938894288;2430
angol;135;2448;1,05;0,015399623811291825;2448
angol;136;2466;1,05;0,014437247702785226;2466
angol;137;2484;1,05;0,014215076455570075;2484
angol;138;2502;1,05;0,014720193882090305;2502
angol;139;2520;1;0,01247510965830066;2520
angol;140;2538;1;0,012263107446636161;2538
angol;141;2556;1,05;0,014920951108556176;2556
angol;142;2574;1,05;0,014857808410533194;2574
angol;143;2592;1,05;0,01366292087893865;2592
angol;144;2610;1,05;0,013164730332589601;2610
angol;145;2628;1,05;0,013213264924654695;2628
angol;146;2646;1,05;0,013340104195631235;2646
angol;147;2664;1,05;0,01229533010201232;2664
angol;148;2682;1,05;0,01232234752899978;2682
angol;149;2700;1;0,009418415800572216;2700
angol;150;2718;1,05;0,012720995672984708;2718
angol;151;2736;1,05;0,012339661087014444;2736
angol;152;2754;1,05;0,012616057184651704;2754
angol;153;2772;1,05;0,012543844791635944;2772
angol;154;2790;1;0,00973229723142901;2790
angol;155;2808;1;0,00960896453980849;2808
angol;156;2826;1;0,009949035767862073;2826
angol;157;2844;1;0,010283947134388223;2844
angol;158;2862;1;0,01007636293441089;2862
angol;159;2880;1;0,010349878205236857;2880
angol;160;2898;1;0,010269763448877525;2898
angol;161;2916;1;0,010199034533184598;2916
angol;162;2934;1;0,010295202075250306;2934
angol;163;2952;1;0,011066643203365178;2952
angol;164;2970;1;0,011128771125968846;2970
angol;165;2988;1;0,010772888606546436;2988
angol;166;3006;1;0,011369691149429541;3006
angol;167;3024;1;0,011679420731071467;3024
angol;168;3042;1;0,011763711683688276;3042
angol;169;3060;1;0,012146706104428907;3060
angol;170;3078;1;0,011848079041241695;3078
angol;171;3096;1;0,011637633441849298;3096
angol;172;3114;1;0,012114880740698605;3114
angol;173;3132;1;0,012522224821391835;3132
angol;174;3150;1;0,01205292876713436;3150
angol;175;3168;1;0,0125036315721781;3168
angol;176;3186;1;0,012444300755191439;3186
angol;177;3204;1;0,01294486097377929;3204
angol;178;3222;1;0,012236017887173906;3222
angol;179;3240;1;0,011714814051818328;3240
angol;180;3258;1;0,011535587698056625;3258
angol;181;3276;1;0,011155745402971276;3276
angol;182;3294;1;0,010480586583670085;3294
angol;183;3312;1;0,010624029799131277;3312
angol;184;3330;1;0,010387169885474818;3330
angol;185;3348;1;0,010202825870793698;3348
angol;186;3366;1;0,009537458985745628;3366
angol;187;3384;1;0,009918929783887356;3384
angol;188;3402;1;0,009891389495039121;3402
angol;189;3420;1;0,010089288502010865;3420
angol;190;3438;1;0,009502383469730848;3438
angol;191;3456;1;0,009336347067072395;3456
angol;192;3474;1;0,009429618293059779;3474
angol;193;3492;1;0,009531999184776853;3492
angol;194;3510;1;0,009833870418696683;3510
angol;195;3528;0,95;0,009952149984088148;3528
angol;196;3546;0,95;0,009034120113695447;3546
angol;197;3564;1;0,008970721405662832;3564
angol;198;3582;1;0,008528868606801533;3582
angol;199;3600;1;0,009117577789227614;3600
angol;200;3618;1;0,009257949776462581;3618
angol;201;3636;1;0,00892915409042031;3636
angol;202;3654;1;0,008814025928478256;3654
angol;203;3672;1;0,00842722641197867;3672
angol;204;3690;1;0,007973042507496638;3690
angol;205;3708;1;0,007905746483434142;3708
angol;206;3726;1;0,007820502471236725;3726
angol;207;3744;1;0,008063440350970064;3744
angol;208;3762;1;0,007610805987594565;3762
angol;209;3780;1;0,0074263497050169325;3780
angol;210;3798;1;0,00756022685569656;3798
angol;211;3816;0,95;0,006688316914831521;3816
angol;212;3834;0,95;0,0069207139767815725;3834
angol;213;3852;0,95;0,007022568733205146;3852
angol;214;3870;1;0,007636977296179216;3870
angol;215;3888;1;0,00741224628810652;3888
angol;216;3906;1;0,007472884610774368;3906
angol;217;3924;1;0,007541373849179361;3924
angol;218;3942;1;0,00762397282144519;3942
angol;219;3960;1;0,007563720796883205;3960
angol;220;3978;1;0,007846562435526816;3978
angol;221;3996;1;0,007788455341909736;3996
angol;222;4014;1;0,007534975799209389;4014
angol;223;4032;0,95;0,0065809408943134;4032
angol;224;4050;0,95;0,006549113873446974;4050
angol;225;4068;0,95;0,0065929162329057015;4068
angol;226;4086;1;0,00789479468500382;4086
angol;227;4104;0,95;0,0065880073052022575;4104
angol;228;4122;1;0,007908367413174395;4122
angol;229;4140;1;0,007794750307157772;4140
angol;230;4158;0,95;0,006574213980501266;4158
angol;231;4176;1;0,008102831763131495;4176
angol;232;4194;1;0,007873350611070053;4194
angol;233;4212;1;0,007816221309929625;4212
angol;234;4230;1;0,007706717214768873;4230
angol;235;4248;1;0,007639070247137851;4248
angol;236;4266;1;0,007846624044723065;4266
angol;237;4284;1;0,007767876288857256;4284
angol;238;4302;1;0,007398930725231327;4302
angol;239;4320;1;0,007061139341593587;4320
angol;240;4338;1;0,00723795534610386;4338
angol;241;4356;1;0,0071989700174205865;4356
angol;242;4374;1;0,00749071478902918;4374
angol;243;4392;1;0,007193759591251288;4392
angol;244;4410;1;0,007222780363029575;4410
angol;245;4428;1;0,007452043055159858;4428
angol;246;4446;1;0,00712528449865722;4446
angol;247;4464;1;0,006738113049987627;4464
angol;248;4482;1;0,006715630204012205;4482
angol;249;4500;1;0,006763466673145579;4500
angol;250;4518;1;0,00663559441714303;4518
angol;251;4536;1;0,006492893141074326;4536
angol;252;4554;1;0,006317407516289012;4554
angol;253;4572;1;0,006167404902742075;4572
angol;254;4590;1;0,005632601032610031;4590
angol;255;4608;1;0,005790207826776045;4608
angol;256;4626;1;0,006068386843627185;4626
angol;257;4644;1;0,006317753965179466;4644
angol;258;4662;1;0,006510279724312669;4662
angol;259;4680;1;0,0063054061070655105;4680
angol;260;4698;1;0,006473802356002669;4698
angol;261;4716;1;0,0064048793101179665;4716
angol;262;4734;1;0,006162244378246059;4734
angol;263;4752;1;0,006557266339746495;4752
angol;264;4770;1;0,007017293889652174;4770
angol;265;4788;1;0,006987106108959738;4788
angol;266;4806;1;0,006887793729723676;4806
angol;267;4824;1;0,007364311789335278;4824
angol;268;4842;1;0,00706752350516424;4842
angol;269;4860;1;0,007069879940089162;4860
angol;270;4878;1;0,007367357665911325;4878
angol;271;4896;1;0,00679053833049088;4896
angol;272;4914;1;0,006558245171063335;4914
angol;273;4932;1;0,006672479586257219;4932
angol;274;4950;1;0,006668039187404688;4950
angol;275;4968;1;0,006222131601102017;4968
angol;276;4986;1;0,00633994430796911;4986
angol;277;5004;1;0,006097030151464312;5004
angol;278;5022;1;0,005743502132423876;5022
angol;279;5040;1;0,00567010019291776;5040
angol;280;5058;1;0,005802777457940853;5058
angol;281;5076;1;0,005767061781695379;5076
angol;282;5094;1;0,005851558839634749;5094
angol;283;5112;1;0,005502160558901115;5112
angol;284;5130;1;0,005696160070756505;5130
angol;285;5148;1;0,005645188421604685;5148
angol;286;5166;1;0,00596274356926493;5166
angol;287;5184;1;0,0058692711254779975;5184
angol;288;5202;1;0,005911044017939828;5202
angol;289;5220;1;0,00616584665372255;5220
angol;290;5238;1;0,006196268034291131;5238
angol;291;5256;1;0,006336546557211652;5256
angol;292;5274;1;0,006678588445586815;5274
angol;293;5292;1;0,007015271103798293;5292
angol;294;5310;1;0,006915047413928094;5310
angol;295;5328;1;0,007444625698342253;5328
angol;296;5346;1;0,007410381393607873;5346
angol;297;5364;1;0,0075393604596142435;5364
angol;298;5382;1;0,007304490595148779;5382
angol;299;5400;1;0,007212224968295902;5400
angol;300;5418;1;0,006953190713289493;5418
angol;301;5436;1;0,007057003652247519;5436
angol;302;5454;0,95;0,006488347444550995;5454
angol;303;5472;0,95;0,006782731321681786;5472
angol;304;5490;1;0,007353089149778379;5490
angol;305;5508;0,95;0,006819509695755925;5508
angol;306;5526;0,95;0,0071592646728796325;5526
angol;307;5544;0,95;0,007109613964364873;5544
angol;308;5562;0,95;0,007341646778072889;5562
angol;309;5580;0,95;0,007411754245757369;5580
angol;310;5598;0,95;0,007555891210897998;5598
angol;311;5616;0,95;0,007305471838937636;5616
angol;312;5634;0,95;0,007109445618475562;5634
angol;313;5652;0,95;0,006876905978840079;5652
angol;314;5670;0,95;0,006682208994337564;5670
angol;315;5688;1;0,007169268249004825;5688
angol;316;5706;1;0,007034200596305321;5706
angol;317;5724;0,95;0,00647326484802352;5724
angol;318;5742;0,95;0,006779263092813189;5742
angol;319;5760;0,95;0,0068043917099854245;5760
angol;320;5778;0,95;0,006683317887333779;5778
angol;321;5796;0,95;0,006750393324344415;5796
angol;322;5814;0,95;0,006653928314767338;5814
angol;323;5832;0,95;0,006784433766357182;5832
angol;324;5850;0,95;0,00658037494438538;5850
angol;325;5868;0,95;0,006420468427671951;5868
angol;326;5886;0,95;0,006498643519929294;5886
angol;327;5904;0,95;0,00629245674150558;5904
angol;328;5922;0,95;0,0062752145994513136;5922
angol;329;5940;0,95;0,006453043708806197;5940
angol;330;5958;0,95;0,006307697885839087;5958
angol;331;5976;0,95;0,006326730418485995;5976
angol;332;5994;0,95;0,0060882976684765375;5994
angol;333;6012;0,95;0,006139839852241787;6012
angol;334;6030;0,95;0,006462665581141007;6030
angol;335;6048;0,95;0,006351003686410672;6048
angol;336;6066;0,95;0,006381288925191667;6066
angol;337;6084;0,95;0,006723471782473049;6084
angol;338;6102;0,95;0,006529166437644873;6102
angol;339;6120;0,95;0,006461776444126839;6120
angol;340;6138;0,95;0,0062647989211952965;6138
angol;341;6156;0,95;0,006487953493263393;6156
angol;342;6174;0,95;0,006547855287897611;6174
angol;343;6192;0,95;0,006209283249730646;6192
angol;344;6210;0,95;0,006214520265187689;6210
angol;345;6228;0,95;0,006165791771678853;6228
angol;346;6246;0,95;0,006346861512672067;6246
angol;347;6264;0,95;0,006471916276268169;6264
angol;348;6282;0,95;0,0063632469818942165;6282
angol;349;6300;0,95;0,0062224126983752015;6300
angol;350;6318;0,95;0,006286562120657445;6318
angol;351;6336;0,95;0,00606503936524181;6336
angol;352;6354;0,95;0,0057525112060111;6354
angol;353;6372;0,95;0,005762327983403933;6372
angol;354;6390;0,95;0,00571493662489643;6390
angol;355;6408;0,95;0,005702965982584861;6408
angol;356;6426;0,95;0,005904514711703772;6426
angol;357;6444;0,95;0,005725631816318008;6444
angol;358;6462;0,95;0,005786307504605455;6462
angol;359;6480;0,95;0,0058163688707354305;6480
angol;360;6498;0,95;0,005473060446679092;6498
angol;361;6516;0,95;0,005383135295900371;6516
angol;362;6534;0,95;0,005292045764624044;6534
angol;363;6552;0,95;0,005187723277053461;6552
angol;364;6570;0,95;0,005023130759334079;6570
angol;365;6588;0,95;0,004949900669120478;6588
angol;366;6606;0,95;0,004650078306272306;6606
angol;367;6624;0,95;0,0049129557838869875;6624
angol;368;6642;0,95;0,004884860756626093;6642
angol;369;6660;0,95;0,005008367137411856;6660
angol;370;6678;0,95;0,0051915613488011806;6678
angol;371;6696;0,95;0,005106419359363955;6696
angol;372;6714;0,95;0,0048432742986905955;6714
angol;373;6732;0,95;0,0047727214208416946;6732
angol;374;6750;0,95;0,0048030147415848365;6750
angol;375;6768;0,95;0,004877850786971369;6768
angol;376;6786;0,95;0,004534050139977922;6786
angol;377;6804;0,95;0,004706273185358334;6804
angol;378;6822;0,95;0,004790669418425437;6822
angol;379;6840;0,95;0,004913470981588303;6840
angol;380;6858;0,95;0,004620585226996044;6858
angol;381;6876;0,95;0,004511827183677812;6876
angol;382;6894;0,95;0,0047070455329196485;6894
angol;383;6912;0,95;0,004494765810917421;6912
angol;384;6930;0,95;0,004397877651734941;6930
angol;385;6948;0,95;0,004295282231122507;6948
angol;386;6966;0,95;0,0042183818551434675;6966
angol;387;6984;0,95;0,0038579204445719456;6984
angol;388;7002;0,95;0,0036917212047386048;7002
angol;389;7020;0,95;0,0037067285787187806;7020
angol;390;7038;0,95;0,003923305575476345;7038
angol;391;7056;0,95;0,003746355246617503;7056
angol;392;7074;0,95;0,0037365971497273567;7074
angol;393;7092;0,95;0,003878339287030049;7092
angol;394;7110;0,95;0,0037813349465080177;7110
angol;395;7128;0,95;0,0038836239042782574;7128
angol;396;7146;0,95;0,00377885660670519;7146
angol;397;7164;0,95;0,00382478840474552;7164
angol;398;7182;0,95;0,003739346830557736;7182
angol;399;7200;0,95;0,0036330499935652697;7200
angol;400;7218;0,95;0,003592778592202515;7218
angol;401;7236;0,95;0,003606225998505385;7236
angol;402;7254;0,95;0,0036842818200866928;7254
angol;403;7272;0,95;0,0039354719578307855;7272
angol;404;7290;0,95;0,003800853850879382;7290
angol;405;7308;0,95;0,004055294322332069;7308
angol;406;7326;0,95;0,004050204070218529;7326
angol;407;7344;0,95;0,003852810640945836;7344
angol;408;7362;0,95;0,0038796985483508864;7362
angol;409;7380;0,95;0,0035983280244832683;7380
angol;410;7398;0,95;0,00365218862067575;7398
angol;411;7416;0,95;0,0034397169297795548;7416
angol;412;7434;0,95;0,0032010560954972493;7434
angol;413;7452;0,95;0,0032713550147755893;7452
angol;414;7470;0,95;0,003663330326680469;7470
angol;415;7488;0,95;0,003741389695812609;7488
angol;416;7506;0,95;0,0039414663497046335;7506
angol;417;7524;0,95;0,0036962801047087353;7524
angol;418;7542;0,95;0,0034925538954213063;7542
angol;419;7560;0,95;0,0036923280299952124;7560
angol;420;7578;0,95;0,003460741859288985;7578
angol;421;7596;0,95;0,0033534542195578954;7596
angol;422;7614;0,95;0,003327701287843247;7614
angol;423;7632;0,95;0,003209485491451658;7632
angol;424;7650;0,95;0,0035230521636686004;7650
angol;425;7668;0,95;0,003515798146087035;7668
angol;426;7686;0,95;0,0032970599831341277;7686
angol;427;7704;0,95;0,0033591770512634736;7704
angol;428;7722;0,95;0,0033585722311531246;7722
angol;429;7740;0,95;0,003434706339049082;7740
angol;430;7758;0,95;0,003808457473649319;7758
angol;431;7776;0,95;0,003946096984741195;7776
angol;432;7794;0,95;0,003826566561904286;7794
angol;433;7812;0,95;0,003918636963737249;7812
angol;434;7830;0,95;0,0040914811815833665;7830
angol;435;7848;0,95;0,003939044772372877;7848
angol;436;7866;0,95;0,003952312905131872;7866
angol;437;7884;0,95;0,004230914971642914;7884
angol;438;7902;0,95;0,004309847703659973;7902
angol;439;7920;0,95;0,004217913711077882;7920
angol;440;7938;0,95;0,004362571365777942;7938
angol;441;7956;0,95;0,00429773882055546;7956
angol;442;7974;0,95;0,004359045763451187;7974
angol;443;7992;0,95;0,004683732459304865;7992
angol;444;8010;0,95;0,004574037866653729;8010
angol;445;8028;0,95;0,0042391838418499835;8028
angol;446;8046;0,95;0,00427317697802281;8046
angol;447;8064;0,95;0,0041743546401645515;8064
angol;448;8082;0,95;0,0040878977478179404;8082
angol;449;8100;0,95;0,00422765397643043;8100
angol;450;8118;0,95;0,004250007588332422;8118
angol;451;8136;0,95;0,004087652175377405;8136
angol;452;8154;0,95;0,004294267104894759;8154
angol;453;8172;0,95;0,004204574083584886;8172
angol;454;8190;0,95;0,004318625550649462;8190
angol;455;8208;0,95;0,004246811261429587;8208
angol;456;8226;0,95;0,004135439330701212;8226
angol;457;8244;0,95;0,004010779261302924;8244
angol;458;8262;0,95;0,003951762859490809;8262
angol;459;8280;0,95;0,003608765671457622;8280
angol;460;8298;0,95;0,0034153614123983564;8298
angol;461;8316;0,95;0,003365617215984525;8316
angol;462;8334;0,95;0,0032583220510747773;8334
angol;463;8352;0,95;0,002967482419632811;8352
angol;464;8370;0,95;0,0029173662396219224;8370
angol;465;8388;0,95;0,0029716041968272256;8388
angol;466;8406;0,95;0,00293412470318075;8406
angol;467;8424;0,95;0,0029862542130844566;8424
angol;468;8442;0,95;0,0032648143381538023;8442
angol;469;8460;0,95;0,003229720933408822;8460
angol;470;8478;0,95;0,003254071449589316;8478
angol;471;8496;0,95;0,0030969044512608734;8496
angol;472;8514;0,95;0,003209376849947831;8514
angol;473;8532;0,95;0,0031221759468409486;8532
angol;474;8550;0,95;0,003315655933658164;8550
angol;475;8568;0,95;0,0034308615615555402;8568
angol;476;8586;0,95;0,0035327412412593188;8586
angol;477;8604;0,95;0,0035893511071079186;8604
angol;478;8622;0,95;0,003737878746832579;8622
angol;479;8640;0,95;0,0036558867613365967;8640
angol;480;8658;0,95;0,003699936978013969;8658
angol;481;8676;0,95;0,0036470502508885714;8676
angol;482;8694;0,95;0,003711777548855998;8694
angol;483;8712;0,95;0,0035875738363264956;8712
angol;484;8730;0,95;0,003517085785319001;8730
angol;485;8748;0,95;0,003755101974093646;8748
angol;486;8766;0,95;0,0038715255109089196;8766
angol;487;8784;0,95;0,0037752927855095276;8784
angol;488;8802;0,95;0,003834245871389564;8802
angol;489;8820;0,95;0,0037105650932198636;8820
angol;490;8838;0,95;0,00354006240315779;8838
angol;491;8856;0,95;0,003858144092838475;8856
angol;492;8874;0,95;0,0040614501348137065;8874
angol;493;8892;0,95;0,004031707971039099;8892
angol;494;8910;0,95;0,004161716756397145;8910
angol;495;8928;0,95;0,004439248982141995;8928
angol;496;8946;0,95;0,004326473288160051;8946
angol;497;8964;0,95;0,0043570027062135724;8964
angol;498;8982;0,95;0,0044416784263052265;8982
angol;499;9000;0,95;0,00443682705053547;9000
angol;500;9018;0,95;0,004472227618901081;9018
angol;501;9036;0,95;0,004443135972064907;9036
angol;502;9054;0,95;0,004583256107730741;9054
angol;503;9072;0,95;0,004662199236058842;9072
angol;504;9090;0,95;0,004707166254656017;9090
angol;505;9108;0,95;0,004757713128262287;9108
angol;506;9126;0,95;0,004654830730302883;9126
angol;507;9144;0,95;0,0045846004984416355;9144
angol;508;9162;0,95;0,004517292154295035;9162
angol;509;9180;0,95;0,004480630813104464;9180
angol;510;9198;0,95;0,004456652029760615;9198
angol;511;9216;0,95;0,004625992031426421;9216
angol;512;9234;0,95;0,004631862498919366;9234
angol;513;9252;0,95;0,004716406450839487;9252
angol;514;9270;0,95;0,004705774089804529;9270
angol;515;9288;0,95;0,004822285835393289;9288
angol;516;9306;0,95;0,00484538773875202;9306
angol;517;9324;0,95;0,005064745897298481;9324
angol;518;9342;0,95;0,005193720025657764;9342
angol;519;9360;0,95;0,005196671931993472;9360
angol;520;9378;0,95;0,0051943766135586255;9378
angol;521;9396;0,95;0,005480217234333037;9396
angol;522;9414;0,95;0,005461683882123793;9414
angol;523;9432;0,95;0,005353796377324076;9432
angol;524;9450;0,95;0,005433952951996255;9450
angol;525;9468;0,95;0,005385534607511174;9468
angol;526;9486;0,95;0,005475483695765408;9486
angol;527;9504;0,95;0,005425305073259637;9504
angol;528;9522;0,95;0,005360023080912696;9522
angol;529;9540;0,95;0,005280010317738447;9540
angol;530;9558;0,95;0,0053714556158095065;9558
angol;531;9576;0,95;0,00512109609197987;9576
angol;532;9594;0,95;0,0052500248794616605;9594
angol;533;9612;0,95;0,005086633028832352;9612
angol;534;9630;0,95;0,005216751741866849;9630
angol;535;9648;0,95;0,005378614128383054;9648
angol;536;9666;0,95;0,005436184135294866;9666
angol;537;9684;0,95;0,0054832569528798095;9684
angol;538;9702;0,95;0,005523495302799107;9702
angol;539;9720;0,95;0,00558294674902298;9720
angol;540;9738;0,95;0,005506822305405857;9738
angol;541;9756;0,95;0,005489458952239081;9756
angol;542;9774;0,95;0,00535396907501044;9774
angol;543;9792;0,95;0,005332960217409668;9792
angol;544;9810;0,95;0,005545088519491854;9810
angol;545;9828;0,95;0,005454340780700827;9828
angol;546;9846;0,95;0,005529885210654308;9846
angol;547;9864;0,95;0,005505035617242948;9864
angol;548;9882;0,95;0,005302207712644236;9882
angol;549;9900;0,95;0,005216854717225496;9900
angol;550;9918;0,95;0,005181341193821861;9918
angol;551;9936;0,95;0,005121094222927164;9936
angol;552;9954;0,95;0,005278850187630725;9954
angol;553;9972;0,95;0,005199074631358591;9972
angol;554;9990;0,95;0,0053120013028028394;9990
angol;555;10008;0,95;0,005382054848509491;10008
angol;556;10026;0,95;0,0053783479526566804;10026
angol;557;10044;0,95;0,005558232239189352;10044
angol;558;10062;0,95;0,005459771740642214;10062
angol;559;10080;0,95;0,005331837734429529;10080
angol;560;10098;0,95;0,005039891966056863;10098
angol;561;10116;0,95;0,004974188310414389;10116
angol;562;10134;0,95;0,004906915048666873;10134
angol;563;10152;0,95;0,004889285567588254;10152
angol;564;10170;0,95;0,004849550608633018;10170
angol;565;10188;0,95;0,0049456859030320155;10188
angol;566;10206;0,95;0,004957343691351375;10206
angol;567;10224;0,95;0,004691260458861395;10224
angol;568;10242;0,95;0,0045637638931225345;10242
angol;569;10260;0,95;0,0044739344012491526;10260
angol;570;10278;0,95;0,004399243531108504;10278
angol;571;10296;0,95;0,004438676856325115;10296
angol;572;10314;0,95;0,004570340049254037;10314
angol;573;10332;0,95;0,004677929937553453;10332
angol;574;10350;0,95;0,0048587167842680775;10350
angol;575;10368;0,95;0,004694294643621672;10368
angol;576;10386;0,95;0,004666621484062633;10386
angol;577;10404;0,95;0,004736466752688893;10404
angol;578;10422;0,95;0,004517007688566696;10422
angol;579;10440;0,95;0,004421480645784821;10440
angol;580;10458;0,95;0,004374004225449376;10458
angol;581;10476;0,95;0,004190148421675545;10476
angol;582;10494;0,95;0,004062680619921233;10494
angol;583;10512;0,95;0,003871701751570767;10512
angol;584;10530;0,95;0,003971492242061653;10530
angol;585;10548;0,95;0,0041991563794114475;10548
angol;586;10566;0,95;0,003956522280085811;10566
angol;587;10584;0,95;0,003949911658901465;10584
angol;588;10602;0,95;0,003994034787205625;10602
angol;589;10620;0,95;0,004105464955180798;10620
angol;590;10638;0,95;0,00411130614642712;10638
angol;591;10656;0,95;0,004125934523167825;10656
angol;592;10674;0,95;0,003995129937808771;10674
angol;593;10692;0,95;0,0038130083919237986;10692
angol;594;10710;0,95;0,0038810839908046376;10710
angol;595;10728;0,95;0,003890541519887024;10728
angol;596;10746;0,95;0,00397606002976322;10746
angol;597;10764;0,95;0,004089274293982254;10764
angol;598;10782;0,95;0,0040038849257405815;10782
angol;599;10800;0,95;0,004078163873348169;10800
angol;600;10818;0,95;0,004108940398025294;10818
angol;601;10836;0,95;0,004214065471689744;10836
angol;602;10854;0,95;0,004268457238158121;10854
angol;603;10872;0,95;0,004333317834005418;10872
angol;604;10890;0,95;0,00428168421726387;10890
angol;605;10908;0,95;0,004231201585792506;10908
angol;606;10926;0,95;0,004338556198630079;10926
angol;607;10944;0,95;0,004457406254782062;10944
angol;608;10962;0,95;0,004588817867458678;10962
angol;609;10980;0,95;0,004551309070331259;10980
angol;610;10998;0,95;0,004418644476510901;10998
angol;611;11016;0,95;0,0043986982038621975;11016
angol;612;11034;0,95;0,004491320542348546;11034
angol;613;11052;0,95;0,004562413390250698;11052
angol;614;11070;0,95;0,004478348055591998;11070
angol;615;11088;0,95;0,0045576096554764915;11088
angol;616;11106;0,95;0,004551812230059193;11106
angol;617;11124;0,95;0,0044706276571853665;11124
angol;618;11142;0,95;0,004487313863631772;11142
angol;619;11160;0,95;0,004455243958498825;11160
angol;620;11178;0,95;0,0046851248418804566;11178
angol;621;11196;0,95;0,00478964628718102;11196
angol;622;11214;0,95;0,004646692546893824;11214
angol;623;11232;0,95;0,004601797471719407;11232
angol;624;11250;0,95;0,004624523499920554;11250
angol;625;11268;0,95;0,004582763177382446;11268
angol;626;11286;0,95;0,004457068578515632;11286
angol;627;11304;0,95;0,004450551381017306;11304
angol;628;11322;0,95;0,004354722509458263;11322
angol;629;11340;0,95;0,004372842785662988;11340
angol;630;11358;0,95;0,004248930725787002;11358
angol;631;11376;0,95;0,004363577203095521;11376
angol;632;11394;0,95;0,004460686738590063;11394
angol;633;11412;0,95;0,004364671141355995;11412
angol;634;11430;0,95;0,0044281608445265975;11430
angol;635;11448;0,95;0,004502884420593034;11448
angol;636;11466;0,95;0,004482139593831098;11466
angol;637;11484;0,95;0,004284633505514662;11484
angol;638;11502;0,95;0,00438886564519565;11502
angol;639;11520;0,95;0,004342384454613884;11520
angol;640;11538;0,95;0,004380354182990141;11538
angol;641;11556;0,95;0,004248644186529887;11556
angol;642;11574;0,95;0,00411758939289552;11574
angol;643;11592;0,95;0,0040522002860457745;11592
angol;644;11610;0,95;0,004167826285079299;11610
angol;645;11628;0,95;0,0040848066779185345;11628
angol;646;11646;0,95;0,003982372198600076;11646
angol;647;11664;0,95;0,0038772953622795534;11664
angol;648;11682;0,95;0,003875648483618191;11682
angol;649;11700;0,95;0,003902843513285599;11700
angol;650;11718;0,95;0,0037498550368407846;11718
angol;651;11736;1;0,005226406570625978;11736
angol;652;11754;1;0,005022634512639898;11754
angol;653;11772;1;0,005085059689464111;11772
angol;654;11790;1;0,005022948246537057;11790
angol;655;11808;1;0,005181731919180801;11808
angol;656;11826;1;0,005302371870910834;11826
angol;657;11844;1;0,005298990775434908;11844
angol;658;11862;1;0,005110249716348464;11862
angol;659;11880;1;0,005066811760020624;11880
angol;660;11898;1;0,0049857898707154;11898
angol;661;11916;1;0,004998992740578344;11916
angol;662;11934;1;0,005084309477374593;11934
angol;663;11952;1;0,004910677608789518;11952
angol;664;11970;1;0,004814520925678477;11970
angol;665;11988;1;0,004676698825541182;11988
angol;666;12006;1;0,004927481484511019;12006
angol;667;12024;1;0,004911165612937789;12024
angol;668;12042;1;0,004957167235013087;12042
angol;669;12060;1;0,005206274686967526;12060
angol;670;12078;0,95;0,003509229382944266;12078
angol;671;12096;1;0,005203730445737642;12096
angol;672;12114;1;0,005156955069426645;12114
angol;673;12132;0,95;0,0033359898004999187;12132
angol;674;12150;0,95;0,003325100643888726;12150
angol;675;12168;0,95;0,0034214768744370884;12168
angol;676;12186;0,95;0,0036613323764249656;12186
angol;677;12204;0,95;0,0036317153299671697;12204
angol;678;12222;0,95;0,0035306631356613145;12222
angol;679;12240;0,95;0,003328057465705293;12240
angol;680;12258;0,95;0,0033017156604132495;12258
angol;681;12276;0,95;0,003261048515654237;12276
angol;682;12294;0,95;0,0032121472662806514;12294
angol;683;12312;0,95;0,0031315165617175783;12312
angol;684;12330;0,95;0,0029880530794690846;12330
angol;685;12348;0,95;0,003013135900920831;12348
angol;686;12366;0,95;0,0029793289475205076;12366
angol;687;12384;0,95;0,003007971581521224;12384
angol;688;12402;0,95;0,0028859059011231347;12402
angol;689;12420;0,95;0,003268554197940506;12420
angol;690;12438;0,95;0,0033229400656142358;12438
angol;691;12456;0,95;0,00330925637673389;12456
angol;692;12474;0,95;0,003234116293101713;12474
angol;693;12492;0,95;0,003219495745871338;12492
angol;694;12510;0,95;0,00313582286942442;12510
angol;695;12528;0,95;0,003034337160555331;12528
angol;696;12546;0,95;0,003003848006112427;12546
angol;697;12564;0,95;0,002923522026460326;12564
angol;698;12582;0,95;0,003072263659946469;12582
angol;699;12600;0,95;0,0029734929537830173;12600
angol;700;12618;0,95;0,0029896545994246727;12618
angol;701;12636;0,95;0,0029761794999132616;12636
angol;702;12654;0,95;0,002775450290141718;12654
angol;703;12672;0,95;0,0027709589446892635;12672
angol;704;12690;0,95;0,002753465315435254;12690
angol;705;12708;0,95;0,0028700400748083543;12708
angol;706;12726;0,95;0,002805509966458272;12726
angol;707;12744;0,95;0,0029251266018246874;12744
angol;708;12762;0,95;0,002890894495779388;12762
angol;709;12780;0,95;0,002895335649302965;12780
angol;710;12798;0,95;0,00288110680430846;12798
angol;711;12816;0,95;0,0027236026788552145;12816
angol;712;12834;0,95;0,00263759809824483;12834
angol;713;12852;0,95;0,0027794660686918824;12852
angol;714;12870;0,95;0,0027955402315533876;12870
angol;715;12888;0,95;0,002927573954752202;12888
angol;716;12906;0,95;0,0029332692875442164;12906
angol;717;12924;0,95;0,0029359740564928183;12924
angol;718;12942;0,95;0,003103305941300378;12942
angol;719;12960;0,95;0,0030302876326233027;12960
angol;720;12978;0,95;0,003111833015594343;12978
angol;721;12996;0,95;0,0031730854678520093;12996
angol;722;13014;0,95;0,003281000438477699;13014
angol;723;13032;0,95;0,0033061165345368887;13032
angol;724;13050;0,95;0,0035175679217269995;13050
angol;725;13068;0,95;0,0036516676609462716;13068
angol;726;13086;0,95;0,00367134084498829;13086
angol;727;13104;0,95;0,0034976341287651;13104
angol;728;13122;0,95;0,003311473908643818;13122
angol;729;13140;0,95;0,003332565438861131;13140
angol;730;13158;0,95;0,0032069661051580397;13158
angol;731;13176;0,95;0,003227006653278685;13176
angol;732;13194;0,95;0,0033111317752080372;13194
angol;733;13212;0,95;0,0035668786279240685;13212
angol;734;13230;0,95;0,0035682491571162544;13230
angol;735;13248;0,95;0,0036896875694711175;13248
angol;736;13266;0,95;0,003604831876185416;13266
angol;737;13284;0,95;0,00365843925222451;13284
angol;738;13302;0,95;0,0035566019770619313;13302
angol;739;13320;0,95;0,0035423515802963344;13320
angol;740;13338;0,95;0,0037191998057644225;13338
angol;741;13356;0,95;0,0036069972690186375;13356
angol;742;13374;0,95;0,00369649603966284;13374
angol;743;13392;0,95;0,003800343021175522;13392
angol;744;13410;0,95;0,003715022821371919;13410
angol;745;13428;0,95;0,0038570052836019784;13428
angol;746;13446;0,95;0,0038953864271303726;13446
angol;747;13464;0,95;0,003883208433640519;13464
angol;748;13482;0,95;0,003706682745387998;13482
angol;749;13500;0,95;0,003661420329290849;13500
angol;750;13518;0,95;0,003763339297959511;13518
angol;751;13536;0,95;0,0037172164607217725;13536
angol;752;13554;0,95;0,003705258113553976;13554
angol;753;13572;0,95;0,0037943007280611916;13572
angol;754;13590;0,95;0,0037886026470589605;13590
angol;755;13608;0,95;0,0036872445509277844;13608
angol;756;13626;0,95;0,0037263641400169713;13626
angol;757;13644;0,95;0,0036771647999319225;13644
angol;758;13662;0,95;0,003733936670062574;13662
angol;759;13680;0,95;0,0035124660422705964;13680
angol;760;13698;0,95;0,003348819104693219;13698
angol;761;13716;0,95;0,0034142691455565136;13716
angol;762;13734;0,95;0,0034590832046597414;13734
angol;763;13752;0,95;0,0033190880221547177;13752
angol;764;13770;0,95;0,0033224802657667207;13770
angol;765;13788;0,95;0,003434588472756915;13788
angol;766;13806;0,95;0,0034161763207521457;13806
angol;767;13824;0,95;0,0033169212548525627;13824
angol;768;13842;0,95;0,0033929504980176996;13842
angol;769;13860;0,95;0,0033499511590023103;13860
angol;770;13878;0,95;0,003437826501152515;13878
angol;771;13896;0,95;0,003380493048194118;13896
angol;772;13914;0,95;0,0035137898128271066;13914
angol;773;13932;0,95;0,0034551072677283003;13932
angol;774;13950;0,95;0,0033065602302565175;13950
angol;775;13968;0,95;0,0032063315100760307;13968
angol;776;13986;0,95;0,003150605075913518;13986
angol;777;14004;0,95;0,003137918122603653;14004
angol;778;14022;0,95;0,0030911976884304424;14022
angol;779;14040;0,95;0,0030539585943361864;14040
angol;780;14058;0,95;0,0030977362528507926;14058
angol;781;14076;0,95;0,0030227030212935184;14076
angol;782;14094;0,95;0,0031068610817934737;14094
angol;783;14112;0,95;0,0030562534974928773;14112
angol;784;14130;0,95;0,0029527745096639833;14130
angol;785;14148;0,95;0,0028636727122349436;14148
angol;786;14166;0,95;0,0028160246438150476;14166
angol;787;14184;0,95;0,002881263898303468;14184
angol;788;14202;0,95;0,00282413572973776;14202
angol;789;14220;0,95;0,00260112892903388;14220
angol;790;14238;0,95;0,002554413031245183;14238
angol;791;14256;0,95;0,0026029686882362846;14256
angol;792;14274;0,95;0,0025294831849866427;14274
angol;793;14292;0,95;0,0023878185973172463;14292
angol;794;14310;0,95;0,0022543094970917535;14310
angol;795;14328;0,95;0,002331768614256425;14328
angol;796;14346;0,95;0,002369942007192342;14346
angol;797;14364;0,95;0,0023893173913032083;14364
angol;798;14382;0,95;0,0023887744405629843;14382
angol;799;14400;0,95;0,002440669442562948;14400
angol;800;14418;0,95;0,0024170651953909646;14418
angol;801;14436;0,95;0,0023469684082713903;14436
angol;802;14454;0,95;0,0022315648079042293;14454
angol;803;14472;0,95;0,0022448355726268124;14472
angol;804;14490;0,95;0,00222739112548707;14490
angol;805;14508;0,95;0,0021463008722077564;14508
angol;806;14526;0,95;0,0020691024297200497;14526
angol;807;14544;0,95;0,002162403098376992;14544
angol;808;14562;0,95;0,0021927102477268283;14562
angol;809;14580;0,95;0,0021761811046498974;14580
angol;810;14598;0,95;0,002181141513531101;14598
angol;811;14616;0,95;0,002151632681379781;14616
angol;812;14634;0,95;0,002228356434786906;14634
angol;813;14652;0,95;0,002288441167942492;14652
angol;814;14670;0,95;0,0023316641358883763;14670
angol;815;14688;0,95;0,0023110945268490514;14688
angol;816;14706;0,95;0,002302940913118555;14706
angol;817;14724;0,95;0,002356096203148853;14724
angol;818;14742;0,95;0,0024002159450252267;14742
angol;819;14760;0,95;0,0023805534059428185;14760
angol;820;14778;0,95;0,0023116116737812134;14778
angol;821;14796;0,95;0,002452758511226689;14796
angol;822;14814;0,95;0,002487071543508672;14814
angol;823;14832;0,95;0,0023910837854976587;14832
angol;824;14850;0,95;0,002166597714644074;14850
angol;825;14868;0,95;0,0021137787292077295;14868
