/league;/source_index;/data/fittedAtMatchIndex;/data/kind;/data/n;/data/avgLogLoss;/data/wM1
angol;1;36;m1;36;0,5559419235949381;
angol;2;36;ensemble;36;0,9102755387242552;0,65
angol;3;54;m1;54;0,6750377663799758;
angol;4;54;ensemble;54;1,0417837942043806;0,45
angol;5;72;m1;72;0,6308005990000232;
angol;6;72;ensemble;72;0,9855666425996509;0,45
angol;7;90;m1;90;0,6501783898870837;
angol;8;90;ensemble;90;0,9559025295000682;0,45
angol;9;108;m1;108;0,7725558897223784;
angol;10;108;ensemble;108;0,9788028946484395;0,45
angol;11;126;m1;126;0,8797658690160367;
angol;12;126;ensemble;126;1,0421662120012978;0,45
angol;13;144;m1;144;0,8708658152044153;
angol;14;144;ensemble;144;1,0208782791144577;0,45
angol;15;162;m1;162;0,9122711684764713;
angol;16;162;ensemble;162;1,0386758694603595;0,45
angol;17;180;m1;180;0,9167339728291937;
angol;18;180;ensemble;180;1,0406136656461402;0,45
angol;19;198;m1;198;0,9135153873082433;
angol;20;198;ensemble;198;1,030479708614304;0,45
angol;21;216;m1;216;0,9134861397030891;
angol;22;216;ensemble;216;1,0243460978396792;0,45
angol;23;234;m1;234;0,914369896960395;
angol;24;234;ensemble;234;1,0172463684335808;0,45
angol;25;252;m1;252;0,9394841317056735;
angol;26;252;ensemble;252;1,0280873261909393;0,45
angol;27;270;m1;270;0,9416590662531225;
angol;28;270;ensemble;270;1,0307858280473148;0,45
angol;29;288;m1;288;0,9461101953647617;
angol;30;288;ensemble;288;1,0323356016661813;0,45
angol;31;306;m1;306;0,9483599083148317;
angol;32;306;ensemble;306;1,0320535274643787;0,45
angol;33;324;m1;324;0,9528392415051672;
angol;34;324;ensemble;324;1,030256893322696;0,45
angol;35;342;m1;342;0,9507495588919943;
angol;36;342;ensemble;342;1,02961870529884;0,45
angol;37;360;m1;360;0,9500116581597717;
angol;38;360;ensemble;360;1,0283177489962745;0,45
angol;39;378;m1;378;0,9506945227947671;
angol;40;378;ensemble;378;1,024794073596033;0,45
angol;41;396;m1;396;0,9526641083927936;
angol;42;396;ensemble;396;1,0241275804999508;0,45
angol;43;414;m1;414;0,9510854527888578;
angol;44;414;ensemble;414;1,0251796221290639;0,45
angol;45;432;m1;432;0,9677400275273037;
angol;46;432;ensemble;432;1,0327768052639383;0,45
angol;47;450;m1;450;0,9611714639504727;
angol;48;450;ensemble;450;1,0259472640475318;0,45
angol;49;468;m1;468;0,959032639322094;
angol;50;468;ensemble;468;1,024751313144693;0,45
angol;51;486;m1;486;0,9561955721896159;
angol;52;486;ensemble;486;1,0174671858805289;0,45
angol;53;504;m1;504;0,9598229728356583;
angol;54;504;ensemble;504;1,0187724218165688;0,45
angol;55;522;m1;522;0,9664416357266103;
angol;56;522;ensemble;522;1,0234614083771219;0,45
angol;57;540;m1;540;0,9628873093063337;
angol;58;540;ensemble;540;1,0207920688385281;0,45
angol;59;558;m1;558;0,9708797724232611;
angol;60;558;ensemble;558;1,0260502891490428;0,45
angol;61;576;m1;576;0,9698573202569103;
angol;62;576;ensemble;576;1,025850298374272;0,45
angol;63;594;m1;594;0,9641928173988699;
angol;64;594;ensemble;594;1,0205640286603999;0,5
angol;65;612;m1;612;0,9620951029939349;
angol;66;612;ensemble;612;1,0182374641950516;0,5
angol;67;630;m1;630;0,9612557421830182;
angol;68;630;ensemble;630;1,0175501334871415;0,5
angol;69;648;m1;648;0,9591009311779152;
angol;70;648;ensemble;648;1,0154668319484947;0,5
angol;71;666;m1;666;0,9622535616270612;
angol;72;666;ensemble;666;1,016682715762919;0,5
angol;73;684;m1;684;0,9590755696127963;
angol;74;684;ensemble;684;1,0133163747915979;0,55
angol;75;702;m1;702;0,9638242370691699;
angol;76;702;ensemble;702;1,0177558749232543;0,55
angol;77;720;m1;720;0,9588747484542892;
angol;78;720;ensemble;720;1,0129106707475284;0,55
angol;79;738;m1;738;0,9596425036507202;
angol;80;738;ensemble;738;1,0127718562639396;0,55
angol;81;756;m1;756;0,9606012206234156;
angol;82;756;ensemble;756;1,0133453268603776;0,55
angol;83;774;m1;774;0,9588992739600607;
angol;84;774;ensemble;774;1,011791204005426;0,55
angol;85;792;m1;792;0,9576618928188575;
angol;86;792;ensemble;792;1,0092996746339855;0,55
angol;87;810;m1;810;0,9586961750728368;
angol;88;810;ensemble;810;1,0094296956632804;0,55
angol;89;828;m1;828;0,9605913978286916;
angol;90;828;ensemble;828;1,0096218566425745;0,55
angol;91;846;m1;846;0,9622398714924825;
angol;92;846;ensemble;846;1,0090361408417101;0,55
angol;93;864;m1;864;0,9607232178520667;
angol;94;864;ensemble;864;1,0073740566448952;0,55
angol;95;882;m1;882;0,9609677070092878;
angol;96;882;ensemble;882;1,007428254831648;0,55
angol;97;900;m1;900;0,9641907306799486;
angol;98;900;ensemble;900;1,0095743859764799;0,55
angol;99;918;m1;918;0,965235601427859;
angol;100;918;ensemble;918;1,0089552127940604;0,55
angol;101;936;m1;936;0,9663242241160503;
angol;102;936;ensemble;936;1,0086145968219562;0,55
angol;103;954;m1;954;0,9686903359136668;
angol;104;954;ensemble;954;1,0109569960622105;0,55
angol;105;972;m1;972;0,9659929654540298;
angol;106;972;ensemble;972;1,0095949550472636;0,6
angol;107;990;m1;990;0,9668495063567666;
angol;108;990;ensemble;990;1,0099956709293068;0,6
angol;109;1008;m1;1008;0,966665390453717;
angol;110;1008;ensemble;1008;1,0086621328586982;0,6
angol;111;1026;m1;1026;0,9658603153939502;
angol;112;1026;ensemble;1026;1,0073181890684566;0,6
angol;113;1044;m1;1044;0,9667952112583278;
angol;114;1044;ensemble;1044;1,0075920599700796;0,6
angol;115;1062;m1;1062;0,9721725395883389;
angol;116;1062;ensemble;1062;1,012073982669179;0,6
angol;117;1080;m1;1080;0,9720256580510095;
angol;118;1080;ensemble;1080;1,011722126484159;0,6
angol;119;1098;m1;1098;0,9689104877691148;
angol;120;1098;ensemble;1098;1,0088260002501315;0,6
angol;121;1116;m1;1116;0,9727777535795886;
angol;122;1116;ensemble;1116;1,0116755871997096;0,6
angol;123;1134;m1;1134;0,9712556113209768;
angol;124;1134;ensemble;1134;1,010071872025946;0,6
angol;125;1152;m1;1152;0,9734528815075127;
angol;126;1152;ensemble;1152;1,011829932500057;0,6
angol;127;1170;m1;1170;0,9741835274494299;
angol;128;1170;ensemble;1170;1,012227628366278;0,6
angol;129;1188;m1;1188;0,9764393067757753;
angol;130;1188;ensemble;1188;1,0134680625616266;0,6
angol;131;1206;m1;1206;0,9765651619749448;
angol;132;1206;ensemble;1206;1,013577442197165;0,6
angol;133;1224;m1;1224;0,9783032899891085;
angol;134;1224;ensemble;1224;1,0132285532226073;0,6
angol;135;1242;m1;1242;0,9792828860201638;
angol;136;1242;ensemble;1242;1,0140842021171592;0,6
angol;137;1260;m1;1260;0,9807339848324688;
angol;138;1260;ensemble;1260;1,0149644361177488;0,6
angol;139;1278;m1;1278;0,9814958185285295;
angol;140;1278;ensemble;1278;1,0151542082436364;0,6
angol;141;1296;m1;1296;0,9821211070714704;
angol;142;1296;ensemble;1296;1,0156531515067626;0,6
angol;143;1314;m1;1314;0,9828021272533696;
angol;144;1314;ensemble;1314;1,0159019050262208;0,6
angol;145;1332;m1;1332;0,9843206026641231;
angol;146;1332;ensemble;1332;1,0164400824846982;0,6
angol;147;1350;m1;1350;0,9849322398428785;
angol;148;1350;ensemble;1350;1,017217168981668;0,6
angol;149;1368;m1;1368;0,9839546509962154;
angol;150;1368;ensemble;1368;1,0161742594112526;0,6
angol;151;1386;m1;1386;0,9860782475818843;
angol;152;1386;ensemble;1386;1,018495246089192;0,6
angol;153;1404;m1;1404;0,9859703844663755;
angol;154;1404;ensemble;1404;1,0180200840027915;0,6
angol;155;1422;m1;1422;0,9830607279959666;
angol;156;1422;ensemble;1422;1,0152681934480847;0,6
angol;157;1440;m1;1440;0,9863542737523074;
angol;158;1440;ensemble;1440;1,0177639548583526;0,6
angol;159;1458;m1;1458;0,9883922062177998;
angol;160;1458;ensemble;1458;1,0197269512208993;0,6
angol;161;1476;m1;1476;0,987856846292434;
angol;162;1476;ensemble;1476;1,01903180458402;0,6
angol;163;1494;m1;1494;0,9875452719271598;
angol;164;1494;ensemble;1494;1,018776040062376;0,65
angol;165;1512;m1;1512;0,9873881134730325;
angol;166;1512;ensemble;1512;1,0181228482459728;0,65
angol;167;1530;m1;1530;0,988992345820857;
angol;168;1530;ensemble;1530;1,0190467716136837;0,6
angol;169;1548;m1;1548;0,990927616541449;
angol;170;1548;ensemble;1548;1,0205753765427792;0,6
angol;171;1566;m1;1566;0,9895694503238948;
angol;172;1566;ensemble;1566;1,0193939289055003;0,65
angol;173;1584;m1;1584;0,9899150346314828;
angol;174;1584;ensemble;1584;1,0194779259281375;0,65
angol;175;1602;m1;1602;0,9887696787433151;
angol;176;1602;ensemble;1602;1,018231965431605;0,65
angol;177;1620;m1;1620;0,9900312091356617;
angol;178;1620;ensemble;1620;1,0192393021383324;0,65
angol;179;1638;m1;1638;0,987182889256844;
angol;180;1638;ensemble;1638;1,0162747512928227;0,65
angol;181;1656;m1;1656;0,9869762218091719;
angol;182;1656;ensemble;1656;1,015693141434238;0,65
angol;183;1674;m1;1674;0,9877675441086933;
angol;184;1674;ensemble;1674;1,0166257544866513;0,65
angol;185;1692;m1;1692;0,9883503513166022;
angol;186;1692;ensemble;1692;1,017256654911386;0,65
angol;187;1710;m1;1710;0,9884219107283504;
angol;188;1710;ensemble;1710;1,0170984384298043;0,65
angol;189;1728;m1;1728;0,9899965404691075;
angol;190;1728;ensemble;1728;1,0181180274144968;0,65
angol;191;1746;m1;1746;0,9886072388905935;
angol;192;1746;ensemble;1746;1,0170933865301595;0,65
angol;193;1764;m1;1764;0,9891071604274058;
angol;194;1764;ensemble;1764;1,0175563074416532;0,65
angol;195;1782;m1;1782;0,9914732792206743;
angol;196;1782;ensemble;1782;1,0195475423621394;0,65
angol;197;1800;m1;1800;0,9926267763697854;
angol;198;1800;ensemble;1800;1,0203463430157358;0,65
angol;199;1818;m1;1818;0,991620523932427;
angol;200;1818;ensemble;1818;1,0193199354752454;0,65
angol;201;1836;m1;1836;0,9921349677778548;
angol;202;1836;ensemble;1836;1,0196537095502651;0,65
angol;203;1854;m1;1854;0,9906384908747539;
angol;204;1854;ensemble;1854;1,0185439371919252;0,65
angol;205;1872;m1;1872;0,9896155311723512;
angol;206;1872;ensemble;1872;1,0173099094129812;0,65
angol;207;1890;m1;1890;0,9894688481739583;
angol;208;1890;ensemble;1890;1,0168652529911872;0,65
angol;209;1908;m1;1908;0,9900609117751938;
angol;210;1908;ensemble;1908;1,0173497824151072;0,65
angol;211;1926;m1;1926;0,9897471015613813;
angol;212;1926;ensemble;1926;1,0172722259203117;0,65
angol;213;1944;m1;1944;0,9906543590121152;
angol;214;1944;ensemble;1944;1,0173248121535299;0,65
angol;215;1962;m1;1962;0,9891336093296437;
angol;216;1962;ensemble;1962;1,0158959246700785;0,65
angol;217;1980;m1;1980;0,98840944539364;
angol;218;1980;ensemble;1980;1,0150934877796256;0,7
angol;219;1998;m1;1998;0,9882180705209258;
angol;220;1998;ensemble;1998;1,0150339333446032;0,7
angol;221;2016;m1;2016;0,9865234443566243;
angol;222;2016;ensemble;2016;1,0132046445380365;0,7
angol;223;2034;m1;2034;0,9862683959636085;
angol;224;2034;ensemble;2034;1,0125420309782944;0,7
angol;225;2052;m1;2052;0,9861476596954146;
angol;226;2052;ensemble;2052;1,0123524076639847;0,7
angol;227;2070;m1;2070;0,9868556361300287;
angol;228;2070;ensemble;2070;1,0129653524562061;0,7
angol;229;2088;m1;2088;0,9876588114769664;
angol;230;2088;ensemble;2088;1,0138140375975802;0,7
angol;231;2106;m1;2106;0,9883790412688056;
angol;232;2106;ensemble;2106;1,014425399844487;0,7
angol;233;2124;m1;2124;0,9873949560133563;
angol;234;2124;ensemble;2124;1,0131039357657274;0,7
angol;235;2142;m1;2142;0,9870705138749996;
angol;236;2142;ensemble;2142;1,0123722273459215;0,7
angol;237;2160;m1;2160;0,98573138171912;
angol;238;2160;ensemble;2160;1,010957077648563;0,7
angol;239;2178;m1;2178;0,9858491938315352;
angol;240;2178;ensemble;2178;1,0108353520574593;0,7
angol;241;2196;m1;2196;0,9867892224029141;
angol;242;2196;ensemble;2196;1,0115075231170902;0,7
angol;243;2214;m1;2214;0,9863102056237415;
angol;244;2214;ensemble;2214;1,0109103049995598;0,7
angol;245;2232;m1;2232;0,9857266231160642;
angol;246;2232;ensemble;2232;1,0103248809724106;0,7
angol;247;2250;m1;2250;0,9850526895589097;
angol;248;2250;ensemble;2250;1,0094680044391398;0,7
angol;249;2268;m1;2268;0,986149260360012;
angol;250;2268;ensemble;2268;1,0102914439663122;0,7
angol;251;2286;m1;2286;0,9869021725603695;
angol;252;2286;ensemble;2286;1,010815174626911;0,7
angol;253;2304;m1;2304;0,986737039299597;
angol;254;2304;ensemble;2304;1,010578194965758;0,7
angol;255;2322;m1;2322;0,9867169073577315;
angol;256;2322;ensemble;2322;1,0106336183425648;0,7
angol;257;2340;m1;2340;0,9849928758485283;
angol;258;2340;ensemble;2340;1,0088810294843193;0,7
angol;259;2358;m1;2358;0,9855182339672586;
angol;260;2358;ensemble;2358;1,0092372860545207;0,7
angol;261;2376;m1;2376;0,9845987670115908;
angol;262;2376;ensemble;2376;1,0081947678549277;0,7
angol;263;2394;m1;2394;0,9855337566862745;
angol;264;2394;ensemble;2394;1,0089574339203193;0,7
angol;265;2412;m1;2412;0,9854872252163184;
angol;266;2412;ensemble;2412;1,009011813088524;0,7
angol;267;2430;m1;2430;0,9859806684119042;
angol;268;2430;ensemble;2430;1,0092982677259505;0,7
angol;269;2448;m1;2448;0,9863789879306044;
angol;270;2448;ensemble;2448;1,0095135549596537;0,7
angol;271;2466;m1;2466;0,9863131052219812;
angol;272;2466;ensemble;2466;1,009673518527399;0,7
angol;273;2484;m1;2484;0,9858388752691177;
angol;274;2484;ensemble;2484;1,0089907851856839;0,7
angol;275;2502;m1;2502;0,9858696680988317;
angol;276;2502;ensemble;2502;1,0090353368730376;0,7
angol;277;2520;m1;2520;0,9857232739850357;
angol;278;2520;ensemble;2520;1,0089293068449918;0,7
angol;279;2538;m1;2538;0,985295969798264;
angol;280;2538;ensemble;2538;1,0082977567914735;0,7
angol;281;2556;m1;2556;0,9868748067432656;
angol;282;2556;ensemble;2556;1,0097645811870257;0,7
angol;283;2574;m1;2574;0,9866735076095914;
angol;284;2574;ensemble;2574;1,0095314886295483;0,7
angol;285;2592;m1;2592;0,9879035915270831;
angol;286;2592;ensemble;2592;1,0103371387867863;0,7
angol;287;2610;m1;2610;0,9882019554330191;
angol;288;2610;ensemble;2610;1,0105145610934598;0,7
angol;289;2628;m1;2628;0,987273590982982;
angol;290;2628;ensemble;2628;1,0095125795058404;0,7
angol;291;2646;m1;2646;0,9868886589126823;
angol;292;2646;ensemble;2646;1,0092136129810192;0,7
angol;293;2664;m1;2664;0,9880595133175818;
angol;294;2664;ensemble;2664;1,0101246566465045;0,7
angol;295;2682;m1;2682;0,9873932757023323;
angol;296;2682;ensemble;2682;1,0097020102732046;0,7
angol;297;2700;m1;2700;0,9874144761006122;
angol;298;2700;ensemble;2700;1,009555054794483;0,7
angol;299;2718;m1;2718;0,9880160742076239;
angol;300;2718;ensemble;2718;1,0098033469123868;0,7
angol;301;2736;m1;2736;0,9892986895851346;
angol;302;2736;ensemble;2736;1,0107150344956914;0,7
angol;303;2754;m1;2754;0,9890990788367283;
angol;304;2754;ensemble;2754;1,010528923234602;0,7
angol;305;2772;m1;2772;0,9880926176770776;
angol;306;2772;ensemble;2772;1,0093451797292634;0,7
angol;307;2790;m1;2790;0,9876305479032341;
angol;308;2790;ensemble;2790;1,0087511415046173;0,7
angol;309;2808;m1;2808;0,988193286407487;
angol;310;2808;ensemble;2808;1,009325049279715;0,7
angol;311;2826;m1;2826;0,9876978146568253;
angol;312;2826;ensemble;2826;1,0085150009499138;0,7
angol;313;2844;m1;2844;0,9867863199067666;
angol;314;2844;ensemble;2844;1,0072295734967198;0,7
angol;315;2862;m1;2862;0,9874894145233762;
angol;316;2862;ensemble;2862;1,0076855213209663;0,7
angol;317;2880;m1;2880;0,986206696665935;
angol;318;2880;ensemble;2880;1,006269313612829;0,7
angol;319;2898;m1;2898;0,9863485232626845;
angol;320;2898;ensemble;2898;1,0064367675749843;0,7
angol;321;2916;m1;2916;0,9861012188151929;
angol;322;2916;ensemble;2916;1,0060898601394728;0,7
angol;323;2934;m1;2934;0,9856791969944503;
angol;324;2934;ensemble;2934;1,0057550604766765;0,7
angol;325;2952;m1;2952;0,9861255601044338;
angol;326;2952;ensemble;2952;1,0059519151510117;0,7
angol;327;2970;m1;2970;0,986786952023917;
angol;328;2970;ensemble;2970;1,006286461770949;0,7
angol;329;2988;m1;2988;0,9880615527862604;
angol;330;2988;ensemble;2988;1,007348336697976;0,7
angol;331;3006;m1;3006;0,9880345620660355;
angol;332;3006;ensemble;3006;1,0070382670697255;0,7
angol;333;3024;m1;3024;0,9877905298545437;
angol;334;3024;ensemble;3024;1,0070110738786953;0,7
angol;335;3042;m1;3042;0,9872541228150017;
angol;336;3042;ensemble;3042;1,006572845838958;0,7
angol;337;3060;m1;3060;0,987010839680863;
angol;338;3060;ensemble;3060;1,006184881176073;0,7
angol;339;3078;m1;3078;0,9866658641479299;
angol;340;3078;ensemble;3078;1,0056820989275146;0,7
angol;341;3096;m1;3096;0,9863499181093233;
angol;342;3096;ensemble;3096;1,0053389658119618;0,7
angol;343;3114;m1;3114;0,9863051058658868;
angol;344;3114;ensemble;3114;1,005010472796927;0,7
angol;345;3132;m1;3132;0,9862487681903631;
angol;346;3132;ensemble;3132;1,0049302244172735;0,7
angol;347;3150;m1;3150;0,9863751548613534;
angol;348;3150;ensemble;3150;1,0048479503004744;0,7
angol;349;3168;m1;3168;0,9859399819574974;
angol;350;3168;ensemble;3168;1,0044336113822026;0,7
angol;351;3186;m1;3186;0,9859124367241867;
angol;352;3186;ensemble;3186;1,0042533592970084;0,7
angol;353;3204;m1;3204;0,9854418370338471;
angol;354;3204;ensemble;3204;1,0038659077499295;0,75
angol;355;3222;m1;3222;0,9853236980455656;
angol;356;3222;ensemble;3222;1,003596420808477;0,75
angol;357;3240;m1;3240;0,9853169291780268;
angol;358;3240;ensemble;3240;1,0034456123040265;0,7
angol;359;3258;m1;3258;0,9854645829040526;
angol;360;3258;ensemble;3258;1,0034928384337707;0,75
angol;361;3276;m1;3276;0,9857957349469203;
angol;362;3276;ensemble;3276;1,003553406966313;0,7
angol;363;3294;m1;3294;0,9861634806321977;
angol;364;3294;ensemble;3294;1,0038767536079323;0,7
angol;365;3312;m1;3312;0,9867001150952355;
angol;366;3312;ensemble;3312;1,004292515886708;0,7
angol;367;3330;m1;3330;0,985713996385193;
angol;368;3330;ensemble;3330;1,003362151610222;0,75
angol;369;3348;m1;3348;0,985401390764132;
angol;370;3348;ensemble;3348;1,0030553664469455;0,75
angol;371;3366;m1;3366;0,9849305299305179;
angol;372;3366;ensemble;3366;1,0024360864251742;0,75
angol;373;3384;m1;3384;0,9851667502477875;
angol;374;3384;ensemble;3384;1,0027399064728022;0,75
angol;375;3402;m1;3402;0,9851772627646925;
angol;376;3402;ensemble;3402;1,002671555055796;0,75
angol;377;3420;m1;3420;0,9844760604631768;
angol;378;3420;ensemble;3420;1,0020885054163162;0,75
angol;379;3438;m1;3438;0,9847940108054253;
angol;380;3438;ensemble;3438;1,0022969500790833;0,75
angol;381;3456;m1;3456;0,9845422080773013;
angol;382;3456;ensemble;3456;1,0021165169410782;0,75
angol;383;3474;m1;3474;0,9847085894957166;
angol;384;3474;ensemble;3474;1,0022649425124188;0,75
angol;385;3492;m1;3492;0,9838241149990025;
angol;386;3492;ensemble;3492;1,0013024436059617;0,75
angol;387;3510;m1;3510;0,9837488789212167;
angol;388;3510;ensemble;3510;1,0011962625933173;0,75
angol;389;3528;m1;3528;0,9833530327645473;
angol;390;3528;ensemble;3528;1,0006826011682362;0,75
angol;391;3546;m1;3546;0,9836058333318457;
angol;392;3546;ensemble;3546;1,0007771706086364;0,75
angol;393;3564;m1;3564;0,9843581975410525;
angol;394;3564;ensemble;3564;1,001418794904906;0,75
angol;395;3582;m1;3582;0,9845130067646353;
angol;396;3582;ensemble;3582;1,0015714850529744;0,75
angol;397;3600;m1;3600;0,9852909348378948;
angol;398;3600;ensemble;3600;1,0023159585315284;0,75
angol;399;3618;m1;3618;0,9851161024157477;
angol;400;3618;ensemble;3618;1,0022253418238287;0,75
angol;401;3636;m1;3636;0,9850079091788234;
angol;402;3636;ensemble;3636;1,0019233348618584;0,75
angol;403;3654;m1;3654;0,9854683892302962;
angol;404;3654;ensemble;3654;1,0022403194539509;0,75
angol;405;3672;m1;3672;0,9856745476483155;
angol;406;3672;ensemble;3672;1,0022650411187324;0,75
angol;407;3690;m1;3690;0,9850213114271928;
angol;408;3690;ensemble;3690;1,0016273834985228;0,75
angol;409;3708;m1;3708;0,9859480038074738;
angol;410;3708;ensemble;3708;1,0025863577664413;0,75
angol;411;3726;m1;3726;0,9850960448737407;
angol;412;3726;ensemble;3726;1,0017178734109562;0,75
angol;413;3744;m1;3744;0,9851193267142647;
angol;414;3744;ensemble;3744;1,0016191710685065;0,75
angol;415;3762;m1;3762;0,9850044528395544;
angol;416;3762;ensemble;3762;1,0014702693122415;0,75
angol;417;3780;m1;3780;0,98493517880632;
angol;418;3780;ensemble;3780;1,0012724932194292;0,75
angol;419;3798;m1;3798;0,9843052846728794;
angol;420;3798;ensemble;3798;1,0006077711715653;0,75
angol;421;3816;m1;3816;0,9837786033561898;
angol;422;3816;ensemble;3816;0,999982176956113;0,75
angol;423;3834;m1;3834;0,9838268198200725;
angol;424;3834;ensemble;3834;0,9999916114976658;0,75
angol;425;3852;m1;3852;0,9835402736200936;
angol;426;3852;ensemble;3852;0,9998636708017052;0,75
angol;427;3870;m1;3870;0,9844568632339563;
angol;428;3870;ensemble;3870;1,000608859254159;0,75
angol;429;3888;m1;3888;0,9849291240358639;
angol;430;3888;ensemble;3888;1,0009870517040471;0,75
angol;431;3906;m1;3906;0,9850536917101506;
angol;432;3906;ensemble;3906;1,0012203239392596;0,75
angol;433;3924;m1;3924;0,9849728611146984;
angol;434;3924;ensemble;3924;1,001170545697414;0,75
angol;435;3942;m1;3942;0,9847325509495432;
angol;436;3942;ensemble;3942;1,0008591002913403;0,75
angol;437;3960;m1;3960;0,9846466367218619;
angol;438;3960;ensemble;3960;1,0007249754845735;0,75
angol;439;3978;m1;3978;0,9845893996873744;
angol;440;3978;ensemble;3978;1,0007284661085845;0,75
angol;441;3996;m1;3996;0,9842577188011146;
angol;442;3996;ensemble;3996;1,0003593624294602;0,75
angol;443;4014;m1;4014;0,9842361774382855;
angol;444;4014;ensemble;4014;1,000343471373761;0,75
angol;445;4032;m1;4032;0,9840619424259858;
angol;446;4032;ensemble;4032;1,000087147988764;0,75
angol;447;4050;m1;4050;0,9834321131610406;
angol;448;4050;ensemble;4050;0,9994590448047358;0,75
angol;449;4068;m1;4068;0,9831804769210578;
angol;450;4068;ensemble;4068;0,9992020173439968;0,75
angol;451;4086;m1;4086;0,9839126685177566;
angol;452;4086;ensemble;4086;0,999924371557059;0,75
angol;453;4104;m1;4104;0,9836713971473832;
angol;454;4104;ensemble;4104;0,9997210481376644;0,75
angol;455;4122;m1;4122;0,9840908580962349;
angol;456;4122;ensemble;4122;1,0000862075484815;0,75
angol;457;4140;m1;4140;0,9843262184799522;
angol;458;4140;ensemble;4140;1,0003387459953728;0,75
angol;459;4158;m1;4158;0,9836670862681931;
angol;460;4158;ensemble;4158;0,9997292775949274;0,75
angol;461;4176;m1;4176;0,9841460569272417;
angol;462;4176;ensemble;4176;1,0001632177831825;0,75
angol;463;4194;m1;4194;0,9846543012215128;
angol;464;4194;ensemble;4194;1,0004971441026869;0,75
angol;465;4212;m1;4212;0,986029973767914;
angol;466;4212;ensemble;4212;1,0016405073176926;0,75
angol;467;4230;m1;4230;0,9860582925429363;
angol;468;4230;ensemble;4230;1,0017155781263174;0,75
angol;469;4248;m1;4248;0,985884484445634;
angol;470;4248;ensemble;4248;1,0015488624105755;0,75
angol;471;4266;m1;4266;0,9858055818820589;
angol;472;4266;ensemble;4266;1,001587138947345;0,75
angol;473;4284;m1;4284;0,9863676157301716;
angol;474;4284;ensemble;4284;1,0020413865760782;0,75
angol;475;4302;m1;4302;0,9867969501790739;
angol;476;4302;ensemble;4302;1,0023723086731577;0,75
angol;477;4320;m1;4320;0,9869115509046754;
angol;478;4320;ensemble;4320;1,0024065087479939;0,75
angol;479;4338;m1;4338;0,9868559518033629;
angol;480;4338;ensemble;4338;1,0024128034502642;0,8
angol;481;4356;m1;4356;0,9865094329304829;
angol;482;4356;ensemble;4356;1,0021000827207844;0,8
angol;483;4374;m1;4374;0,9861952122027632;
angol;484;4374;ensemble;4374;1,001726899922247;0,8
angol;485;4392;m1;4392;0,9860676163589297;
angol;486;4392;ensemble;4392;1,001479030074847;0,8
angol;487;4410;m1;4410;0,9860007898984969;
angol;488;4410;ensemble;4410;1,0014411968619097;0,8
angol;489;4428;m1;4428;0,9856308905142976;
angol;490;4428;ensemble;4428;1,0010303082278476;0,8
angol;491;4446;m1;4446;0,9854412023337799;
angol;492;4446;ensemble;4446;1,0008906402500275;0,8
angol;493;4464;m1;4464;0,9865096693234613;
angol;494;4464;ensemble;4464;1,0018934853318209;0,8
angol;495;4482;m1;4482;0,986793729011762;
angol;496;4482;ensemble;4482;1,0021903811222228;0,8
angol;497;4500;m1;4500;0,9865999973353068;
angol;498;4500;ensemble;4500;1,0019765374453065;0,8
angol;499;4518;m1;4518;0,9871760119288168;
angol;500;4518;ensemble;4518;1,0023586414664625;0,8
angol;501;4536;m1;4536;0,9872331887873258;
angol;502;4536;ensemble;4536;1,00235661428545;0,8
angol;503;4554;m1;4554;0,9869557524975677;
angol;504;4554;ensemble;4554;1,0019855467401724;0,8
angol;505;4572;m1;4572;0,9873763569267302;
angol;506;4572;ensemble;4572;1,0023428611437268;0,8
angol;507;4590;m1;4590;0,9879481276028482;
angol;508;4590;ensemble;4590;1,002826202925105;0,8
angol;509;4608;m1;4608;0,9873000779945625;
angol;510;4608;ensemble;4608;1,0022243120261378;0,8
angol;511;4626;m1;4626;0,9870199508847234;
angol;512;4626;ensemble;4626;1,0019525224432841;0,8
angol;513;4644;m1;4644;0,9865271365965474;
angol;514;4644;ensemble;4644;1,0015106472160678;0,8
angol;515;4662;m1;4662;0,9865150950444408;
angol;516;4662;ensemble;4662;1,0014100128150438;0,8
angol;517;4680;m1;4680;0,9865241035756129;
angol;518;4680;ensemble;4680;1,001299542503312;0,8
angol;519;4698;m1;4698;0,986099386422824;
angol;520;4698;ensemble;4698;1,0007900772206073;0,8
angol;521;4716;m1;4716;0,9859225295555596;
angol;522;4716;ensemble;4716;1,0005711883854023;0,8
angol;523;4734;m1;4734;0,9870000714024507;
angol;524;4734;ensemble;4734;1,0015847270948406;0,8
angol;525;4752;m1;4752;0,9872109497744275;
angol;526;4752;ensemble;4752;1,0017413631669356;0,8
angol;527;4770;m1;4770;0,9870783049585057;
angol;528;4770;ensemble;4770;1,0015377102185707;0,8
angol;529;4788;m1;4788;0,9873771776564323;
angol;530;4788;ensemble;4788;1,0018548203504458;0,8
angol;531;4806;m1;4806;0,9875623088564756;
angol;532;4806;ensemble;4806;1,0019995430719488;0,8
angol;533;4824;m1;4824;0,9879074908947167;
angol;534;4824;ensemble;4824;1,0022185378258794;0,8
angol;535;4842;m1;4842;0,9882411041775941;
angol;536;4842;ensemble;4842;1,002471290909641;0,8
angol;537;4860;m1;4860;0,9883240363175781;
angol;538;4860;ensemble;4860;1,0025560572518257;0,8
angol;539;4878;m1;4878;0,9878806340749668;
angol;540;4878;ensemble;4878;1,0020805254458818;0,8
angol;541;4896;m1;4896;0,9885701648090888;
angol;542;4896;ensemble;4896;1,0025806344420427;0,8
angol;543;4914;m1;4914;0,9883940469689857;
angol;544;4914;ensemble;4914;1,0023555966232334;0,8
angol;545;4932;m1;4932;0,9880247813715204;
angol;546;4932;ensemble;4932;1,0019590588417278;0,8
angol;547;4950;m1;4950;0,9878009224255048;
angol;548;4950;ensemble;4950;1,0017176505339098;0,8
angol;549;4968;m1;4968;0,987970846820293;
angol;550;4968;ensemble;4968;1,0019112155151544;0,8
angol;551;4986;m1;4986;0,9879842268078372;
angol;552;4986;ensemble;4986;1,0019192360459677;0,8
angol;553;5004;m1;5004;0,9886193016917647;
angol;554;5004;ensemble;5004;1,0024096060802756;0,8
angol;555;5022;m1;5022;0,9890472009908126;
angol;556;5022;ensemble;5022;1,0027961322152938;0,8
angol;557;5040;m1;5040;0,9893823455519255;
angol;558;5040;ensemble;5040;1,0030845526355594;0,8
angol;559;5058;m1;5058;0,9892191382596744;
angol;560;5058;ensemble;5058;1,0029356715523317;0,8
angol;561;5076;m1;5076;0,9890688440294467;
angol;562;5076;ensemble;5076;1,0028204083965768;0,8
angol;563;5094;m1;5094;0,9893731071462223;
angol;564;5094;ensemble;5094;1,003029591241393;0,8
angol;565;5112;m1;5112;0,9895831248057013;
angol;566;5112;ensemble;5112;1,0032816055940166;0,8
angol;567;5130;m1;5130;0,9891573516266621;
angol;568;5130;ensemble;5130;1,0028756421801217;0,8
angol;569;5148;m1;5148;0,9888289383342284;
angol;570;5148;ensemble;5148;1,0025318608089557;0,8
angol;571;5166;m1;5166;0,9891144885000934;
angol;572;5166;ensemble;5166;1,0027106761926945;0,8
angol;573;5184;m1;5184;0,9892494535671473;
angol;574;5184;ensemble;5184;1,0028345385492308;0,8
angol;575;5202;m1;5202;0,9890669827403725;
angol;576;5202;ensemble;5202;1,0026834138869176;0,8
angol;577;5220;m1;5220;0,9890290403515836;
angol;578;5220;ensemble;5220;1,002489625376173;0,8
angol;579;5238;m1;5238;0,9885074430729598;
angol;580;5238;ensemble;5238;1,00194693300032;0,8
angol;581;5256;m1;5256;0,9883643226928365;
angol;582;5256;ensemble;5256;1,0017282033556552;0,8
angol;583;5274;m1;5274;0,988315296087432;
angol;584;5274;ensemble;5274;1,0016695266332798;0,8
angol;585;5292;m1;5292;0,9884135036908358;
angol;586;5292;ensemble;5292;1,0016898613470984;0,8
angol;587;5310;m1;5310;0,988474582839943;
angol;588;5310;ensemble;5310;1,001776846461195;0,8
angol;589;5328;m1;5328;0,9881247315082586;
angol;590;5328;ensemble;5328;1,0015132668167044;0,8
angol;591;5346;m1;5346;0,987727565860529;
angol;592;5346;ensemble;5346;1,0010870999681216;0,8
angol;593;5364;m1;5364;0,9875779382858088;
angol;594;5364;ensemble;5364;1,0008712961072808;0,8
angol;595;5382;m1;5382;0,987610585112546;
angol;596;5382;ensemble;5382;1,0008360615341976;0,8
angol;597;5400;m1;5400;0,9879370714315674;
angol;598;5400;ensemble;5400;1,0011256245443407;0,8
angol;599;5418;m1;5418;0,9873780887418413;
angol;600;5418;ensemble;5418;1,0006328525672306;0,8
angol;601;5436;m1;5436;0,9869757766406954;
angol;602;5436;ensemble;5436;1,0002840332238985;0,8
angol;603;5454;m1;5454;0,9867256621516752;
angol;604;5454;ensemble;5454;0,9999923450771034;0,8
angol;605;5472;m1;5472;0,9867831689286085;
angol;606;5472;ensemble;5472;1,0000095926664898;0,8
angol;607;5490;m1;5490;0,986864873722338;
angol;608;5490;ensemble;5490;1,0000420955351508;0,8
angol;609;5508;m1;5508;0,986603173169377;
angol;610;5508;ensemble;5508;0,9997475535901004;0,8
angol;611;5526;m1;5526;0,9860716722209943;
angol;612;5526;ensemble;5526;0,9992683666347356;0,8
angol;613;5544;m1;5544;0,9864689896872902;
angol;614;5544;ensemble;5544;0,9995601759297725;0,8
angol;615;5562;m1;5562;0,9868924777999962;
angol;616;5562;ensemble;5562;0,9999174584812726;0,8
angol;617;5580;m1;5580;0,9863544783798678;
angol;618;5580;ensemble;5580;0,9994492927663907;0,8
angol;619;5598;m1;5598;0,9859876746604915;
angol;620;5598;ensemble;5598;0,9990771629096258;0,8
angol;621;5616;m1;5616;0,9859097542599922;
angol;622;5616;ensemble;5616;0,9989587151794683;0,8
angol;623;5634;m1;5634;0,9859271354800397;
angol;624;5634;ensemble;5634;0,9989908801614268;0,8
angol;625;5652;m1;5652;0,9859835304932916;
angol;626;5652;ensemble;5652;0,9989750119509669;0,8
angol;627;5670;m1;5670;0,9863822644977014;
angol;628;5670;ensemble;5670;0,9993104255430939;0,8
angol;629;5688;m1;5688;0,9871446905942943;
angol;630;5688;ensemble;5688;0,9999949359630025;0,8
angol;631;5706;m1;5706;0,9873520031039112;
angol;632;5706;ensemble;5706;1,0001350747065734;0,8
angol;633;5724;m1;5724;0,9871642305454619;
angol;634;5724;ensemble;5724;0,9998833936033855;0,8
angol;635;5742;m1;5742;0,9869866739572408;
angol;636;5742;ensemble;5742;0,999759948986312;0,8
angol;637;5760;m1;5760;0,9864907879655598;
angol;638;5760;ensemble;5760;0,9993390301252603;0,8
angol;639;5778;m1;5778;0,9865093498447575;
angol;640;5778;ensemble;5778;0,9993649843460799;0,8
angol;641;5796;m1;5796;0,9865550626592214;
angol;642;5796;ensemble;5796;0,9993950608342841;0,8
angol;643;5814;m1;5814;0,986303332670325;
angol;644;5814;ensemble;5814;0,999110319983995;0,8
angol;645;5832;m1;5832;0,986214815995881;
angol;646;5832;ensemble;5832;0,9990408904651072;0,8
angol;647;5850;m1;5850;0,9860219761454067;
angol;648;5850;ensemble;5850;0,9988363486871604;0,8
angol;649;5868;m1;5868;0,9857018773050441;
angol;650;5868;ensemble;5868;0,9985445783118929;0,8
angol;651;5886;m1;5886;0,9855547660837153;
angol;652;5886;ensemble;5886;0,9983836988009072;0,8
angol;653;5904;m1;5904;0,9854618360290424;
angol;654;5904;ensemble;5904;0,9982082329023744;0,8
angol;655;5922;m1;5922;0,9851861806658501;
angol;656;5922;ensemble;5922;0,997842908199129;0,8
angol;657;5940;m1;5940;0,9849832314032438;
angol;658;5940;ensemble;5940;0,9976438089534296;0,8
angol;659;5958;m1;5958;0,984558246953231;
angol;660;5958;ensemble;5958;0,9972213512817475;0,8
angol;661;5976;m1;5976;0,9844104155300033;
angol;662;5976;ensemble;5976;0,9970196672082897;0,8
angol;663;5994;m1;5994;0,9840569946101813;
angol;664;5994;ensemble;5994;0,9966215418826471;0,8
angol;665;6012;m1;6012;0,9839219953938264;
angol;666;6012;ensemble;6012;0,9964849373505344;0,8
angol;667;6030;m1;6030;0,9841277351184577;
angol;668;6030;ensemble;6030;0,9966126674842786;0,8
angol;669;6048;m1;6048;0,9839944792808802;
angol;670;6048;ensemble;6048;0,9964742239657873;0,8
angol;671;6066;m1;6066;0,9843278166937529;
angol;672;6066;ensemble;6066;0,9967447592083496;0,8
angol;673;6084;m1;6084;0,9851220377630922;
angol;674;6084;ensemble;6084;0,9974743423957035;0,8
angol;675;6102;m1;6102;0,9856318970905581;
angol;676;6102;ensemble;6102;0,9979773652320786;0,8
angol;677;6120;m1;6120;0,9861463924718161;
angol;678;6120;ensemble;6120;0,9984447038175764;0,8
angol;679;6138;m1;6138;0,9862699298928737;
angol;680;6138;ensemble;6138;0,9985090207024303;0,8
angol;681;6156;m1;6156;0,986670471036477;
angol;682;6156;ensemble;6156;0,998816306638991;0,8
angol;683;6174;m1;6174;0,986214663444775;
angol;684;6174;ensemble;6174;0,9984362328691729;0,8
angol;685;6192;m1;6192;0,9863063747924624;
angol;686;6192;ensemble;6192;0,9984485978366247;0,8
angol;687;6210;m1;6210;0,9863263229899424;
angol;688;6210;ensemble;6210;0,9984464995100539;0,8
angol;689;6228;m1;6228;0,9860891598292333;
angol;690;6228;ensemble;6228;0,9982209714632765;0,8
angol;691;6246;m1;6246;0,9859619011594892;
angol;692;6246;ensemble;6246;0,9980986843356657;0,8
angol;693;6264;m1;6264;0,9858912623095512;
angol;694;6264;ensemble;6264;0,9980141585961526;0,8
angol;695;6282;m1;6282;0,985889353943291;
angol;696;6282;ensemble;6282;0,9979810524590054;0,8
angol;697;6300;m1;6300;0,9856497879858235;
angol;698;6300;ensemble;6300;0,9977676123166488;0,85
angol;699;6318;m1;6318;0,985534203578048;
angol;700;6318;ensemble;6318;0,9976037854720425;0,85
angol;701;6336;m1;6336;0,985642206934176;
angol;702;6336;ensemble;6336;0,9976677102106228;0,85
angol;703;6354;m1;6354;0,985841979284909;
angol;704;6354;ensemble;6354;0,997831572030219;0,85
angol;705;6372;m1;6372;0,9851204385523277;
angol;706;6372;ensemble;6372;0,9971190483580334;0,85
angol;707;6390;m1;6390;0,984691483116874;
angol;708;6390;ensemble;6390;0,9966456287502444;0,85
angol;709;6408;m1;6408;0,9844301927903693;
angol;710;6408;ensemble;6408;0,996316769610808;0,85
angol;711;6426;m1;6426;0,9844442327629802;
angol;712;6426;ensemble;6426;0,9963097188916531;0,85
angol;713;6444;m1;6444;0,984179587738264;
angol;714;6444;ensemble;6444;0,9960118427158542;0,85
angol;715;6462;m1;6462;0,9836962565022896;
angol;716;6462;ensemble;6462;0,9954832609384301;0,85
angol;717;6480;m1;6480;0,983379387726106;
angol;718;6480;ensemble;6480;0,9951304941001814;0,85
angol;719;6498;m1;6498;0,9837953441325835;
angol;720;6498;ensemble;6498;0,9955143893950025;0,85
angol;721;6516;m1;6516;0,9832940830244976;
angol;722;6516;ensemble;6516;0,9950687959623329;0,85
angol;723;6534;m1;6534;0,9834150554161757;
angol;724;6534;ensemble;6534;0,9951984616515436;0,85
angol;725;6552;m1;6552;0,9832441128444145;
angol;726;6552;ensemble;6552;0,9950137341741018;0,85
angol;727;6570;m1;6570;0,9832782647354346;
angol;728;6570;ensemble;6570;0,9950210951608314;0,85
angol;729;6588;m1;6588;0,9834889790738016;
angol;730;6588;ensemble;6588;0,9952035706493673;0,85
angol;731;6606;m1;6606;0,9838091385051424;
angol;732;6606;ensemble;6606;0,9954933825549;0,85
angol;733;6624;m1;6624;0,983664428049005;
angol;734;6624;ensemble;6624;0,9953414354826845;0,85
angol;735;6642;m1;6642;0,9832001881716662;
angol;736;6642;ensemble;6642;0,994851970757797;0,85
angol;737;6660;m1;6660;0,9831538607284545;
angol;738;6660;ensemble;6660;0,9947817207132892;0,85
angol;739;6678;m1;6678;0,9830426470903354;
angol;740;6678;ensemble;6678;0,9946322564572603;0,85
angol;741;6696;m1;6696;0,9828303509295557;
angol;742;6696;ensemble;6696;0,9943997944538727;0,85
angol;743;6714;m1;6714;0,9830615986745094;
angol;744;6714;ensemble;6714;0,9945915088676144;0,85
angol;745;6732;m1;6732;0,9834445998974234;
angol;746;6732;ensemble;6732;0,9949118443876289;0,85
angol;747;6750;m1;6750;0,9833468910327575;
angol;748;6750;ensemble;6750;0,9948118429828131;0,85
angol;749;6768;m1;6768;0,9832916095096756;
angol;750;6768;ensemble;6768;0,9947269462976591;0,85
angol;751;6786;m1;6786;0,9834032819444543;
angol;752;6786;ensemble;6786;0,9948510583264889;0,85
angol;753;6804;m1;6804;0,9831625642580665;
angol;754;6804;ensemble;6804;0,994634140872105;0,85
angol;755;6822;m1;6822;0,9830465710953195;
angol;756;6822;ensemble;6822;0,9944957726969881;0,85
angol;757;6840;m1;6840;0,9835657073499076;
angol;758;6840;ensemble;6840;0,9949702440843821;0,85
angol;759;6858;m1;6858;0,983585181143892;
angol;760;6858;ensemble;6858;0,994971501756274;0,85
angol;761;6876;m1;6876;0,9840090714928705;
angol;762;6876;ensemble;6876;0,9953285053765585;0,85
angol;763;6894;m1;6894;0,9842140282246681;
angol;764;6894;ensemble;6894;0,995485346700507;0,85
angol;765;6912;m1;6912;0,9843229556096598;
angol;766;6912;ensemble;6912;0,9955361491063366;0,85
angol;767;6930;m1;6930;0,9844085353455311;
angol;768;6930;ensemble;6930;0,995585981921439;0,85
angol;769;6948;m1;6948;0,9843898926637193;
angol;770;6948;ensemble;6948;0,9955293766627065;0,85
angol;771;6966;m1;6966;0,9842454141777476;
angol;772;6966;ensemble;6966;0,9954047091041478;0,85
angol;773;6984;m1;6984;0,984537577158292;
angol;774;6984;ensemble;6984;0,9955971873974135;0,85
angol;775;7002;m1;7002;0,984685295820212;
angol;776;7002;ensemble;7002;0,9956817598787325;0,85
angol;777;7020;m1;7020;0,9841756673215256;
angol;778;7020;ensemble;7020;0,9951981461053484;0,85
angol;779;7038;m1;7038;0,9843158794512754;
angol;780;7038;ensemble;7038;0,9953059196474783;0,85
angol;781;7056;m1;7056;0,984579769469291;
angol;782;7056;ensemble;7056;0,9955694357134373;0,85
angol;783;7074;m1;7074;0,9844955373800358;
angol;784;7074;ensemble;7074;0,9954975650523745;0,85
angol;785;7092;m1;7092;0,984357278644766;
angol;786;7092;ensemble;7092;0,9953661430225267;0,85
angol;787;7110;m1;7110;0,9847307512616078;
angol;788;7110;ensemble;7110;0,9957457442695248;0,85
angol;789;7128;m1;7128;0,9849167167666395;
angol;790;7128;ensemble;7128;0,9958966393586904;0,85
angol;791;7146;m1;7146;0,9851888808200495;
angol;792;7146;ensemble;7146;0,9961169549236742;0,85
angol;793;7164;m1;7164;0,9855554029863136;
angol;794;7164;ensemble;7164;0,9965028542429181;0,85
angol;795;7182;m1;7182;0,9850801902191881;
angol;796;7182;ensemble;7182;0,9960328799658655;0,85
angol;797;7200;m1;7200;0,9851063635943124;
angol;798;7200;ensemble;7200;0,9960396375292471;0,85
angol;799;7218;m1;7218;0,9848691927540533;
angol;800;7218;ensemble;7218;0,9958404769105016;0,85
angol;801;7236;m1;7236;0,9850354626116676;
angol;802;7236;ensemble;7236;0,9959752998904066;0,85
angol;803;7254;m1;7254;0,9849711841372942;
angol;804;7254;ensemble;7254;0,9958900078868862;0,85
angol;805;7272;m1;7272;0,9851810215647359;
angol;806;7272;ensemble;7272;0,9960513521008428;0,85
angol;807;7290;m1;7290;0,9852480850160982;
angol;808;7290;ensemble;7290;0,9961112037283486;0,85
angol;809;7308;m1;7308;0,9856781455907478;
angol;810;7308;ensemble;7308;0,9964662945670792;0,85
angol;811;7326;m1;7326;0,98577084151331;
angol;812;7326;ensemble;7326;0,9965661392647025;0,85
angol;813;7344;m1;7344;0,985495419303423;
angol;814;7344;ensemble;7344;0,9962839076299244;0,85
angol;815;7362;m1;7362;0,98618848021238;
angol;816;7362;ensemble;7362;0,9969131515288585;0,85
angol;817;7380;m1;7380;0,9861525298205046;
angol;818;7380;ensemble;7380;0,9968675825950899;0,85
angol;819;7398;m1;7398;0,9862113140222963;
angol;820;7398;ensemble;7398;0,9969255698874997;0,85
angol;821;7416;m1;7416;0,9861933702540785;
angol;822;7416;ensemble;7416;0,9968450997482416;0,85
angol;823;7434;m1;7434;0,9861928125564334;
angol;824;7434;ensemble;7434;0,9968282284316394;0,85
angol;825;7452;m1;7452;0,986419964531633;
angol;826;7452;ensemble;7452;0,9969804600670572;0,85
angol;827;7470;m1;7470;0,9860739668518973;
angol;828;7470;ensemble;7470;0,9966157896623112;0,85
angol;829;7488;m1;7488;0,985979763624014;
angol;830;7488;ensemble;7488;0,9964993197966912;0,85
angol;831;7506;m1;7506;0,9863478856949921;
angol;832;7506;ensemble;7506;0,9968150628453721;0,85
angol;833;7524;m1;7524;0,9862688874544719;
angol;834;7524;ensemble;7524;0,9967280641233824;0,85
angol;835;7542;m1;7542;0,9863934409056179;
angol;836;7542;ensemble;7542;0,9967837550204902;0,85
angol;837;7560;m1;7560;0,987214214523552;
angol;838;7560;ensemble;7560;0,9975064532744096;0,85
angol;839;7578;m1;7578;0,9875700339006209;
angol;840;7578;ensemble;7578;0,9977808308112185;0,85
angol;841;7596;m1;7596;0,987487097148418;
angol;842;7596;ensemble;7596;0,9976979136692129;0,85
angol;843;7614;m1;7614;0,9875060242994794;
angol;844;7614;ensemble;7614;0,9976977091860609;0,85
angol;845;7632;m1;7632;0,9877885053009478;
angol;846;7632;ensemble;7632;0,9979667970751035;0,85
angol;847;7650;m1;7650;0,9873062171645565;
angol;848;7650;ensemble;7650;0,9975187348517082;0,85
angol;849;7668;m1;7668;0,9875120050790158;
angol;850;7668;ensemble;7668;0,9977335037243357;0,85
angol;851;7686;m1;7686;0,9875300539114023;
angol;852;7686;ensemble;7686;0,9977415020068423;0,85
angol;853;7704;m1;7704;0,9877909258432751;
angol;854;7704;ensemble;7704;0,9979160374058326;0,85
angol;855;7722;m1;7722;0,9876366225939002;
angol;856;7722;ensemble;7722;0,9977706089121134;0,85
angol;857;7740;m1;7740;0,9876089296448065;
angol;858;7740;ensemble;7740;0,997735388317451;0,85
angol;859;7758;m1;7758;0,9875211345403426;
angol;860;7758;ensemble;7758;0,9975978625328525;0,85
angol;861;7776;m1;7776;0,9875508986821373;
angol;862;7776;ensemble;7776;0,997613866150127;0,85
angol;863;7794;m1;7794;0,9872861142843019;
angol;864;7794;ensemble;7794;0,9973416205238791;0,85
angol;865;7812;m1;7812;0,9869994457081687;
angol;866;7812;ensemble;7812;0,997030597868548;0,85
angol;867;7830;m1;7830;0,986755728331099;
angol;868;7830;ensemble;7830;0,9967530648961754;0,85
angol;869;7848;m1;7848;0,9870022584747027;
angol;870;7848;ensemble;7848;0,9969202089968379;0,85
angol;871;7866;m1;7866;0,9866129050880634;
angol;872;7866;ensemble;7866;0,9965688105545989;0,85
angol;873;7884;m1;7884;0,9863503991765401;
angol;874;7884;ensemble;7884;0,996291593166488;0,85
angol;875;7902;m1;7902;0,9861614230522736;
angol;876;7902;ensemble;7902;0,9960387400601893;0,85
angol;877;7920;m1;7920;0,9859447717693087;
angol;878;7920;ensemble;7920;0,9957815366516669;0,85
angol;879;7938;m1;7938;0,9860167874384724;
angol;880;7938;ensemble;7938;0,9958132116402999;0,85
angol;881;7956;m1;7956;0,9857012326536635;
angol;882;7956;ensemble;7956;0,9955525885953026;0,85
angol;883;7974;m1;7974;0,9852526842973475;
angol;884;7974;ensemble;7974;0,9951124704405286;0,85
angol;885;7992;m1;7992;0,985297039163173;
angol;886;7992;ensemble;7992;0,9951590094596644;0,85
angol;887;8010;m1;8010;0,9850963100663985;
angol;888;8010;ensemble;8010;0,9949507695075205;0,85
angol;889;8028;m1;8028;0,9848484121080903;
angol;890;8028;ensemble;8028;0,9947094574899348;0,85
angol;891;8046;m1;8046;0,9852678272106047;
angol;892;8046;ensemble;8046;0,9951037044539984;0,85
angol;893;8064;m1;8064;0,9849436289991361;
angol;894;8064;ensemble;8064;0,9947920063461582;0,85
angol;895;8082;m1;8082;0,9851162897991524;
angol;896;8082;ensemble;8082;0,9949200880410323;0,85
angol;897;8100;m1;8100;0,9852075180880876;
angol;898;8100;ensemble;8100;0,9949900141705458;0,85
angol;899;8118;m1;8118;0,9855766822626143;
angol;900;8118;ensemble;8118;0,9953737518572827;0,85
angol;901;8136;m1;8136;0,9857769249523984;
angol;902;8136;ensemble;8136;0,9955658811004905;0,85
angol;903;8154;m1;8154;0,9858885973169715;
angol;904;8154;ensemble;8154;0,9956722560214605;0,85
angol;905;8172;m1;8172;0,9858444871792318;
angol;906;8172;ensemble;8172;0,9956130190061734;0,85
angol;907;8190;m1;8190;0,9858496700468684;
angol;908;8190;ensemble;8190;0,9956101155942083;0,85
angol;909;8208;m1;8208;0,9855663940073257;
angol;910;8208;ensemble;8208;0,9953564150887503;0,85
angol;911;8226;m1;8226;0,9858090706931638;
angol;912;8226;ensemble;8226;0,9955636943821523;0,85
angol;913;8244;m1;8244;0,9857982897128085;
angol;914;8244;ensemble;8244;0,9955348274750496;0,85
angol;915;8262;m1;8262;0,9861307096322163;
angol;916;8262;ensemble;8262;0,9958174176046838;0,85
angol;917;8280;m1;8280;0,9859953613155936;
angol;918;8280;ensemble;8280;0,9956900241655166;0,85
angol;919;8298;m1;8298;0,986027953185117;
angol;920;8298;ensemble;8298;0,9957144928253558;0,85
angol;921;8316;m1;8316;0,9860294814620825;
angol;922;8316;ensemble;8316;0,9957171555838791;0,85
angol;923;8334;m1;8334;0,9860303739183571;
angol;924;8334;ensemble;8334;0,9957164155332329;0,85
angol;925;8352;m1;8352;0,9861502236620402;
angol;926;8352;ensemble;8352;0,995820401594736;0,85
angol;927;8370;m1;8370;0,9859639029124025;
angol;928;8370;ensemble;8370;0,995608879013575;0,85
angol;929;8388;m1;8388;0,9858466606243783;
angol;930;8388;ensemble;8388;0,9955031253046285;0,85
angol;931;8406;m1;8406;0,9858361581752385;
angol;932;8406;ensemble;8406;0,9954916751240218;0,85
angol;933;8424;m1;8424;0,9858279490741724;
angol;934;8424;ensemble;8424;0,9954483163797736;0,85
angol;935;8442;m1;8442;0,9860570834319048;
angol;936;8442;ensemble;8442;0,9956150340477261;0,85
angol;937;8460;m1;8460;0,9861143409646037;
angol;938;8460;ensemble;8460;0,9956309174673665;0,85
angol;939;8478;m1;8478;0,9855764223188332;
angol;940;8478;ensemble;8478;0,995130136299647;0,85
angol;941;8496;m1;8496;0,9858091914438052;
angol;942;8496;ensemble;8496;0,995343556464408;0,85
angol;943;8514;m1;8514;0,9855096181337446;
angol;944;8514;ensemble;8514;0,9950431313612794;0,85
angol;945;8532;m1;8532;0,9855996051337848;
angol;946;8532;ensemble;8532;0,9951333511369772;0,85
angol;947;8550;m1;8550;0,9857235524904697;
angol;948;8550;ensemble;8550;0,9952102341197047;0,85
angol;949;8568;m1;8568;0,9852692839824114;
angol;950;8568;ensemble;8568;0,9947538812372039;0,85
angol;951;8586;m1;8586;0,9851683878327018;
angol;952;8586;ensemble;8586;0,994661710285485;0,85
angol;953;8604;m1;8604;0,9846434232093909;
angol;954;8604;ensemble;8604;0,9941803670069337;0,85
angol;955;8622;m1;8622;0,9850966097144249;
angol;956;8622;ensemble;8622;0,9946172674910713;0,85
angol;957;8640;m1;8640;0,9846010828357982;
angol;958;8640;ensemble;8640;0,9941347344330844;0,85
angol;959;8658;m1;8658;0,9843910352414756;
angol;960;8658;ensemble;8658;0,9939752642767717;0,85
angol;961;8676;m1;8676;0,9844218437647958;
angol;962;8676;ensemble;8676;0,9939774004468586;0,85
angol;963;8694;m1;8694;0,984765910114784;
angol;964;8694;ensemble;8694;0,9942587518192045;0,85
angol;965;8712;m1;8712;0,9850512441049281;
angol;966;8712;ensemble;8712;0,9944983965885675;0,85
angol;967;8730;m1;8730;0,9851352178853398;
angol;968;8730;ensemble;8730;0,9945594927871079;0,85
angol;969;8748;m1;8748;0,9852412428537264;
angol;970;8748;ensemble;8748;0,9946382294785459;0,85
angol;971;8766;m1;8766;0,9851461032999621;
angol;972;8766;ensemble;8766;0,994558385832241;0,85
angol;973;8784;m1;8784;0,9852761092512105;
angol;974;8784;ensemble;8784;0,9946597973629768;0,85
angol;975;8802;m1;8802;0,9849920680200981;
angol;976;8802;ensemble;8802;0,9944022636934698;0,85
angol;977;8820;m1;8820;0,985110065215251;
angol;978;8820;ensemble;8820;0,9944872483050198;0,85
angol;979;8838;m1;8838;0,9852063861795576;
angol;980;8838;ensemble;8838;0,9945286753609541;0,85
angol;981;8856;m1;8856;0,9849546344185325;
angol;982;8856;ensemble;8856;0,994293192521586;0,85
angol;983;8874;m1;8874;0,9851514559318458;
angol;984;8874;ensemble;8874;0,9944405780264665;0,85
angol;985;8892;m1;8892;0,9852291431461089;
angol;986;8892;ensemble;8892;0,9945154341102305;0,85
angol;987;8910;m1;8910;0,9853362275467307;
angol;988;8910;ensemble;8910;0,9946087492359554;0,85
angol;989;8928;m1;8928;0,9852108222603515;
angol;990;8928;ensemble;8928;0,9944895199571432;0,85
angol;991;8946;m1;8946;0,9847772816546616;
angol;992;8946;ensemble;8946;0,9940600495802785;0,85
angol;993;8964;m1;8964;0,9846129984538025;
angol;994;8964;ensemble;8964;0,9938887035687974;0,85
angol;995;8982;m1;8982;0,9846264218008279;
angol;996;8982;ensemble;8982;0,9938979799502788;0,85
angol;997;9000;m1;9000;0,984110111527479;
angol;998;9000;ensemble;9000;0,9933931767729939;0,85
angol;999;9018;m1;9018;0,9839463804381394;
angol;1000;9018;ensemble;9018;0,9932280984202897;0,85
angol;1001;9036;m1;9036;0,9835957451193605;
angol;1002;9036;ensemble;9036;0,9928579850037749;0,85
angol;1003;9054;m1;9054;0,9835247168259657;
angol;1004;9054;ensemble;9054;0,9927661795360407;0,85
angol;1005;9072;m1;9072;0,9833656086565872;
angol;1006;9072;ensemble;9072;0,9925810067400963;0,85
angol;1007;9090;m1;9090;0,9837709770903897;
angol;1008;9090;ensemble;9090;0,9929968120556748;0,85
angol;1009;9108;m1;9108;0,9841490254832991;
angol;1010;9108;ensemble;9108;0,9933800999216181;0,85
angol;1011;9126;m1;9126;0,9841262173948889;
angol;1012;9126;ensemble;9126;0,9933728725949568;0,85
angol;1013;9144;m1;9144;0,9839753193821064;
angol;1014;9144;ensemble;9144;0,9932259938063088;0,85
angol;1015;9162;m1;9162;0,9836783452430021;
angol;1016;9162;ensemble;9162;0,9929308356542157;0,85
angol;1017;9180;m1;9180;0,9835663024179777;
angol;1018;9180;ensemble;9180;0,9928160537649123;0,85
angol;1019;9198;m1;9198;0,9838776646238759;
angol;1020;9198;ensemble;9198;0,9930662057837226;0,85
angol;1021;9216;m1;9216;0,9840359931315947;
angol;1022;9216;ensemble;9216;0,9932047451163292;0,85
angol;1023;9234;m1;9234;0,9842175647025485;
angol;1024;9234;ensemble;9234;0,9933513660095216;0,85
angol;1025;9252;m1;9252;0,9843483510515088;
angol;1026;9252;ensemble;9252;0,9934019953877464;0,85
angol;1027;9270;m1;9270;0,9844019262016032;
angol;1028;9270;ensemble;9270;0,9934538864115986;0,85
angol;1029;9288;m1;9288;0,9845099918788998;
angol;1030;9288;ensemble;9288;0,9935172768046721;0,85
angol;1031;9306;m1;9306;0,9845979269178835;
angol;1032;9306;ensemble;9306;0,9936019533857459;0,85
angol;1033;9324;m1;9324;0,9849174826961193;
angol;1034;9324;ensemble;9324;0,9938728476153953;0,85
angol;1035;9342;m1;9342;0,9847470011738819;
angol;1036;9342;ensemble;9342;0,9936894282946164;0,85
angol;1037;9360;m1;9360;0,9845014082710675;
angol;1038;9360;ensemble;9360;0,9934313274403874;0,85
angol;1039;9378;m1;9378;0,9846191153391037;
angol;1040;9378;ensemble;9378;0,9935211514626593;0,85
angol;1041;9396;m1;9396;0,984562951483982;
angol;1042;9396;ensemble;9396;0,9934575478102025;0,85
angol;1043;9414;m1;9414;0,9848062323516016;
angol;1044;9414;ensemble;9414;0,9936514426753953;0,85
angol;1045;9432;m1;9432;0,9847486914400148;
angol;1046;9432;ensemble;9432;0,9935760092321568;0,85
angol;1047;9450;m1;9450;0,9847451044871244;
angol;1048;9450;ensemble;9450;0,9935589779199465;0,85
angol;1049;9468;m1;9468;0,9849957736792215;
angol;1050;9468;ensemble;9468;0,9937757224470342;0,85
angol;1051;9486;m1;9486;0,9851878879649876;
angol;1052;9486;ensemble;9486;0,993950468557078;0,85
angol;1053;9504;m1;9504;0,984732924886088;
angol;1054;9504;ensemble;9504;0,9934969765951664;0,85
angol;1055;9522;m1;9522;0,9847915998788156;
angol;1056;9522;ensemble;9522;0,9935611554414676;0,85
angol;1057;9540;m1;9540;0,9848296382077902;
angol;1058;9540;ensemble;9540;0,9936037317646703;0,85
angol;1059;9558;m1;9558;0,9847047483000219;
angol;1060;9558;ensemble;9558;0,9934896588207429;0,85
angol;1061;9576;m1;9576;0,9847132439566951;
angol;1062;9576;ensemble;9576;0,9934766453136084;0,85
angol;1063;9594;m1;9594;0,984574792710273;
angol;1064;9594;ensemble;9594;0,9933444876052584;0,85
angol;1065;9612;m1;9612;0,9844303448211643;
angol;1066;9612;ensemble;9612;0,9931760966109324;0,85
angol;1067;9630;m1;9630;0,9846071268184624;
angol;1068;9630;ensemble;9630;0,9933515353764033;0,85
angol;1069;9648;m1;9648;0,9846935172921425;
angol;1070;9648;ensemble;9648;0,9934037144948297;0,85
angol;1071;9666;m1;9666;0,984704681237963;
angol;1072;9666;ensemble;9666;0,9934022172152223;0,85
angol;1073;9684;m1;9684;0,9845335930656902;
angol;1074;9684;ensemble;9684;0,9932653597237959;0,85
angol;1075;9702;m1;9702;0,9847005247766316;
angol;1076;9702;ensemble;9702;0,993408250375684;0,85
angol;1077;9720;m1;9720;0,9846069688157573;
angol;1078;9720;ensemble;9720;0,9933089661679882;0,85
angol;1079;9738;m1;9738;0,9847141749621241;
angol;1080;9738;ensemble;9738;0,9934025896436347;0,85
angol;1081;9756;m1;9756;0,9844661638902781;
angol;1082;9756;ensemble;9756;0,9931398400362695;0,85
angol;1083;9774;m1;9774;0,9846160607583511;
angol;1084;9774;ensemble;9774;0,9932589590494834;0,85
angol;1085;9792;m1;9792;0,9845504630968495;
angol;1086;9792;ensemble;9792;0,9932014879959726;0,85
angol;1087;9810;m1;9810;0,9845401413288857;
angol;1088;9810;ensemble;9810;0,993197837215493;0,85
angol;1089;9828;m1;9828;0,9845791465191371;
angol;1090;9828;ensemble;9828;0,9931860544734787;0,85
angol;1091;9846;m1;9846;0,984898084899519;
angol;1092;9846;ensemble;9846;0,9934476599500829;0,85
angol;1093;9864;m1;9864;0,9851353608207497;
angol;1094;9864;ensemble;9864;0,9936283655358557;0,85
angol;1095;9882;m1;9882;0,9852036383250072;
angol;1096;9882;ensemble;9882;0,9936743537179873;0,85
angol;1097;9900;m1;9900;0,9854406291309061;
angol;1098;9900;ensemble;9900;0,993897284415314;0,85
angol;1099;9918;m1;9918;0,9857615481653974;
angol;1100;9918;ensemble;9918;0,9941846555587281;0,85
angol;1101;9936;m1;9936;0,9860729582092674;
angol;1102;9936;ensemble;9936;0,9944268891150969;0,85
angol;1103;9954;m1;9954;0,9857703497472645;
angol;1104;9954;ensemble;9954;0,9941779363553446;0,85
angol;1105;9972;m1;9972;0,9858851066681961;
angol;1106;9972;ensemble;9972;0,9942645867830427;0,85
angol;1107;9990;m1;9990;0,9862317662060183;
angol;1108;9990;ensemble;9990;0,9945642912887606;0,85
angol;1109;10008;m1;10008;0,9861775058007882;
angol;1110;10008;ensemble;10008;0,9945004953471414;0,85
angol;1111;10026;m1;10026;0,9863107053694748;
angol;1112;10026;ensemble;10026;0,9946084789505493;0,85
angol;1113;10044;m1;10044;0,9862217712625158;
angol;1114;10044;ensemble;10044;0,9945207700610016;0,85
angol;1115;10062;m1;10062;0,9861660945084889;
angol;1116;10062;ensemble;10062;0,9944489325607084;0,85
angol;1117;10080;m1;10080;0,9859859272250175;
angol;1118;10080;ensemble;10080;0,9942563030705054;0,85
angol;1119;10098;m1;10098;0,9861119567609363;
angol;1120;10098;ensemble;10098;0,9943825192804363;0,85
angol;1121;10116;m1;10116;0,985969809176279;
angol;1122;10116;ensemble;10116;0,9942559821376632;0,85
angol;1123;10134;m1;10134;0,9858194845401583;
angol;1124;10134;ensemble;10134;0,9941011066170645;0,85
angol;1125;10152;m1;10152;0,9859773935684891;
angol;1126;10152;ensemble;10152;0,9942551616728993;0,85
angol;1127;10170;m1;10170;0,9856434225705787;
angol;1128;10170;ensemble;10170;0,9939228839618678;0,85
angol;1129;10188;m1;10188;0,9855561823860473;
angol;1130;10188;ensemble;10188;0,9938442556436201;0,85
angol;1131;10206;m1;10206;0,9856522587983269;
angol;1132;10206;ensemble;10206;0,9939528142946467;0,85
angol;1133;10224;m1;10224;0,9860209854062245;
angol;1134;10224;ensemble;10224;0,9942997284972414;0,85
angol;1135;10242;m1;10242;0,9858646869148081;
angol;1136;10242;ensemble;10242;0,9941359125375429;0,85
angol;1137;10260;m1;10260;0,9858768605338909;
angol;1138;10260;ensemble;10260;0,9941476340043606;0,85
angol;1139;10278;m1;10278;0,9859572295186199;
angol;1140;10278;ensemble;10278;0,9942078944264928;0,85
angol;1141;10296;m1;10296;0,9862019937591985;
angol;1142;10296;ensemble;10296;0,9944736852159446;0,85
angol;1143;10314;m1;10314;0,9867739810517995;
angol;1144;10314;ensemble;10314;0,9950485185424518;0,85
angol;1145;10332;m1;10332;0,9868025975851731;
angol;1146;10332;ensemble;10332;0,9951078055994567;0,85
angol;1147;10350;m1;10350;0,9867668728570906;
angol;1148;10350;ensemble;10350;0,9950550986849608;0,85
angol;1149;10368;m1;10368;0,9866747711788015;
angol;1150;10368;ensemble;10368;0,9949592665714777;0,85
angol;1151;10386;m1;10386;0,9868211773624551;
angol;1152;10386;ensemble;10386;0,9950834948436882;0,85
angol;1153;10404;m1;10404;0,9866329320151955;
angol;1154;10404;ensemble;10404;0,994885902969295;0,85
angol;1155;10422;m1;10422;0,9867799892983412;
angol;1156;10422;ensemble;10422;0,9950501720802031;0,85
angol;1157;10440;m1;10440;0,9866970080400659;
angol;1158;10440;ensemble;10440;0,994950161675395;0,85
angol;1159;10458;m1;10458;0,9870281044941365;
angol;1160;10458;ensemble;10458;0,9952133628121399;0,85
angol;1161;10476;m1;10476;0,9870969952521591;
angol;1162;10476;ensemble;10476;0,9953141819846265;0,85
angol;1163;10494;m1;10494;0,9873159425025065;
angol;1164;10494;ensemble;10494;0,9954785479376272;0,85
angol;1165;10512;m1;10512;0,9875801892563424;
angol;1166;10512;ensemble;10512;0,9956675811961558;0,85
angol;1167;10530;m1;10530;0,9876227169568836;
angol;1168;10530;ensemble;10530;0,9956797817601994;0,85
angol;1169;10548;m1;10548;0,9874766214759086;
angol;1170;10548;ensemble;10548;0,995562905267092;0,85
angol;1171;10566;m1;10566;0,9875997237473666;
angol;1172;10566;ensemble;10566;0,9956606290781254;0,85
angol;1173;10584;m1;10584;0,9874051207451495;
angol;1174;10584;ensemble;10584;0,9954854789428919;0,85
angol;1175;10602;m1;10602;0,9873357954130443;
angol;1176;10602;ensemble;10602;0,995422091102482;0,85
angol;1177;10620;m1;10620;0,9873396354904856;
angol;1178;10620;ensemble;10620;0,9954305360449481;0,85
angol;1179;10638;m1;10638;0,9875000910713421;
angol;1180;10638;ensemble;10638;0,9955826970173177;0,85
angol;1181;10656;m1;10656;0,9876949721617544;
angol;1182;10656;ensemble;10656;0,9957764390673011;0,85
angol;1183;10674;m1;10674;0,9875789825524834;
angol;1184;10674;ensemble;10674;0,9956755779373635;0,85
angol;1185;10692;m1;10692;0,9874282062727782;
angol;1186;10692;ensemble;10692;0,9955325838988467;0,85
angol;1187;10710;m1;10710;0,9873524282220708;
angol;1188;10710;ensemble;10710;0,9954459754173686;0,85
angol;1189;10728;m1;10728;0,9875910547236872;
angol;1190;10728;ensemble;10728;0,9956624194633645;0,85
angol;1191;10746;m1;10746;0,9876675147059665;
angol;1192;10746;ensemble;10746;0,9957171177425644;0,85
angol;1193;10764;m1;10764;0,9875270534403948;
angol;1194;10764;ensemble;10764;0,9955873493954445;0,85
angol;1195;10782;m1;10782;0,9874689862865917;
angol;1196;10782;ensemble;10782;0,9955212892722352;0,85
angol;1197;10800;m1;10800;0,9874245258967818;
angol;1198;10800;ensemble;10800;0,995461371903882;0,85
angol;1199;10818;m1;10818;0,987282650248214;
angol;1200;10818;ensemble;10818;0,9953773287460004;0,85
angol;1201;10836;m1;10836;0,9873964988126465;
angol;1202;10836;ensemble;10836;0,9954782107293649;0,85
angol;1203;10854;m1;10854;0,9873433426969177;
angol;1204;10854;ensemble;10854;0,9954163684237668;0,85
angol;1205;10872;m1;10872;0,9876950418387689;
angol;1206;10872;ensemble;10872;0,9957033680249591;0,85
angol;1207;10890;m1;10890;0,9877049833826401;
angol;1208;10890;ensemble;10890;0,9956959719767412;0,85
angol;1209;10908;m1;10908;0,9876407419533206;
angol;1210;10908;ensemble;10908;0,9956295015828128;0,85
angol;1211;10926;m1;10926;0,987620684269039;
angol;1212;10926;ensemble;10926;0,9955911163740359;0,85
angol;1213;10944;m1;10944;0,9877365430242498;
angol;1214;10944;ensemble;10944;0,9957019105284085;0,85
angol;1215;10962;m1;10962;0,9880465917284209;
angol;1216;10962;ensemble;10962;0,9959738907184112;0,85
angol;1217;10980;m1;10980;0,9878567786090042;
angol;1218;10980;ensemble;10980;0,9957933470561008;0,85
angol;1219;10998;m1;10998;0,9879725493020101;
angol;1220;10998;ensemble;10998;0,9959046106122874;0,85
angol;1221;11016;m1;11016;0,9878891888187901;
angol;1222;11016;ensemble;11016;0,9958160053406931;0,85
angol;1223;11034;m1;11034;0,9879426500590339;
angol;1224;11034;ensemble;11034;0,9958505851470255;0,85
angol;1225;11052;m1;11052;0,9876652101771842;
angol;1226;11052;ensemble;11052;0,9956007180011384;0,85
angol;1227;11070;m1;11070;0,9877391936899899;
angol;1228;11070;ensemble;11070;0,9956598210717061;0,85
angol;1229;11088;m1;11088;0,9874330867098658;
angol;1230;11088;ensemble;11088;0,9953717824408411;0,85
angol;1231;11106;m1;11106;0,9876503041909646;
angol;1232;11106;ensemble;11106;0,9955580523987146;0,85
angol;1233;11124;m1;11124;0,987677019817661;
angol;1234;11124;ensemble;11124;0,9955735292085267;0,85
angol;1235;11142;m1;11142;0,9877719437772942;
angol;1236;11142;ensemble;11142;0,995644298286425;0,85
angol;1237;11160;m1;11160;0,9877754300527974;
angol;1238;11160;ensemble;11160;0,9956411713909913;0,85
angol;1239;11178;m1;11178;0,9881300472661751;
angol;1240;11178;ensemble;11178;0,9959720763960378;0,85
angol;1241;11196;m1;11196;0,9883597953938327;
angol;1242;11196;ensemble;11196;0,9962064570265304;0,85
angol;1243;11214;m1;11214;0,9884345237609632;
angol;1244;11214;ensemble;11214;0,9962517011255879;0,85
angol;1245;11232;m1;11232;0,9884777781955909;
angol;1246;11232;ensemble;11232;0,996268810493895;0,85
angol;1247;11250;m1;11250;0,9881123104761715;
angol;1248;11250;ensemble;11250;0,9959238515535063;0,85
angol;1249;11268;m1;11268;0,9882528555934992;
angol;1250;11268;ensemble;11268;0,9960610133035203;0,85
angol;1251;11286;m1;11286;0,9881302287236136;
angol;1252;11286;ensemble;11286;0,9959408780149347;0,85
angol;1253;11304;m1;11304;0,9880521693820015;
angol;1254;11304;ensemble;11304;0,9958975165123223;0,85
angol;1255;11322;m1;11322;0,9883957273736588;
angol;1256;11322;ensemble;11322;0,9961805610706208;0,85
angol;1257;11340;m1;11340;0,9884602908134706;
angol;1258;11340;ensemble;11340;0,9962343681307309;0,85
angol;1259;11358;m1;11358;0,9888719726747158;
angol;1260;11358;ensemble;11358;0,9965650747153285;0,85
angol;1261;11376;m1;11376;0,9888320844578725;
angol;1262;11376;ensemble;11376;0,9965326281591323;0,85
angol;1263;11394;m1;11394;0,9886097095254205;
angol;1264;11394;ensemble;11394;0,9963359795348996;0,85
angol;1265;11412;m1;11412;0,9886647555338799;
angol;1266;11412;ensemble;11412;0,9963685171670009;0,85
angol;1267;11430;m1;11430;0,9889234386058658;
angol;1268;11430;ensemble;11430;0,996575250953972;0,85
angol;1269;11448;m1;11448;0,988556254580436;
angol;1270;11448;ensemble;11448;0,9962118913190275;0,85
angol;1271;11466;m1;11466;0,9884365744574296;
angol;1272;11466;ensemble;11466;0,996087408790137;0,85
angol;1273;11484;m1;11484;0,9886928506010064;
angol;1274;11484;ensemble;11484;0,9962946592727664;0,85
angol;1275;11502;m1;11502;0,9886510170706985;
angol;1276;11502;ensemble;11502;0,9962372002439253;0,85
angol;1277;11520;m1;11520;0,9885225655803407;
angol;1278;11520;ensemble;11520;0,9960930717918165;0,85
angol;1279;11538;m1;11538;0,9887262395860075;
angol;1280;11538;ensemble;11538;0,9962814547152841;0,85
angol;1281;11556;m1;11556;0,9888729160113554;
angol;1282;11556;ensemble;11556;0,9964142782718354;0,85
angol;1283;11574;m1;11574;0,9890213695661971;
angol;1284;11574;ensemble;11574;0,9965392940193699;0,85
angol;1285;11592;m1;11592;0,9891662519881509;
angol;1286;11592;ensemble;11592;0,9966482908302239;0,85
angol;1287;11610;m1;11610;0,9891228175622351;
angol;1288;11610;ensemble;11610;0,9965722653910347;0,85
angol;1289;11628;m1;11628;0,9889634613581033;
angol;1290;11628;ensemble;11628;0,9964259800411434;0,85
angol;1291;11646;m1;11646;0,9887553687563119;
angol;1292;11646;ensemble;11646;0,9962398796136163;0,85
angol;1293;11664;m1;11664;0,9892169477531016;
angol;1294;11664;ensemble;11664;0,9966949898042713;0,85
angol;1295;11682;m1;11682;0,9893565398171635;
angol;1296;11682;ensemble;11682;0,9968093184208869;0,85
angol;1297;11700;m1;11700;0,9895767817069546;
angol;1298;11700;ensemble;11700;0,996994555709873;0,85
angol;1299;11718;m1;11718;0,9898135282209484;
angol;1300;11718;ensemble;11718;0,9972178519643988;0,85
angol;1301;11736;m1;11736;0,9902044880181402;
angol;1302;11736;ensemble;11736;0,9975929710434599;0,85
angol;1303;11754;m1;11754;0,9905372686530275;
angol;1304;11754;ensemble;11754;0,9978865113284003;0,85
angol;1305;11772;m1;11772;0,9902778991315583;
angol;1306;11772;ensemble;11772;0,9976597430562644;0,85
angol;1307;11790;m1;11790;0,9902828351539168;
angol;1308;11790;ensemble;11790;0,997666218186583;0,85
angol;1309;11808;m1;11808;0,9901412660731441;
angol;1310;11808;ensemble;11808;0,9975519547605964;0,85
angol;1311;11826;m1;11826;0,9898964345449023;
angol;1312;11826;ensemble;11826;0,9973123459552797;0,85
angol;1313;11844;m1;11844;0,9898428683608409;
angol;1314;11844;ensemble;11844;0,9972382290140641;0,85
angol;1315;11862;m1;11862;0,9901754704571353;
angol;1316;11862;ensemble;11862;0,9975462822530572;0,85
angol;1317;11880;m1;11880;0,9902671861647444;
angol;1318;11880;ensemble;11880;0,9976552438589843;0,85
angol;1319;11898;m1;11898;0,9904506232108203;
angol;1320;11898;ensemble;11898;0,9978239364500905;0,85
angol;1321;11916;m1;11916;0,9903444223991975;
angol;1322;11916;ensemble;11916;0,9977198470418853;0,85
angol;1323;11934;m1;11934;0,9900948261247056;
angol;1324;11934;ensemble;11934;0,9974707804968609;0,85
angol;1325;11952;m1;11952;0,9902619577646476;
angol;1326;11952;ensemble;11952;0,997635955808607;0,85
angol;1327;11970;m1;11970;0,9902402461216868;
angol;1328;11970;ensemble;11970;0,9976248622529421;0,85
angol;1329;11988;m1;11988;0,9904191253835894;
angol;1330;11988;ensemble;11988;0,9977900719185518;0,85
angol;1331;12006;m1;12006;0,9900471041547566;
angol;1332;12006;ensemble;12006;0,9974313057210815;0,85
angol;1333;12024;m1;12024;0,9902103642331452;
angol;1334;12024;ensemble;12024;0,9975910394374023;0,85
angol;1335;12042;m1;12042;0,9901794656721219;
angol;1336;12042;ensemble;12042;0,99756071912172;0,85
angol;1337;12060;m1;12060;0,9898618582007406;
angol;1338;12060;ensemble;12060;0,9972581835337382;0,85
angol;1339;12078;m1;12078;0,9896894704879132;
angol;1340;12078;ensemble;12078;0,9971083975524636;0,85
angol;1341;12096;m1;12096;0,9899244340273549;
angol;1342;12096;ensemble;12096;0,9973263402509079;0,85
angol;1343;12114;m1;12114;0,9897559488403845;
angol;1344;12114;ensemble;12114;0,9971404794180947;0,85
angol;1345;12132;m1;12132;0,9896525340685794;
angol;1346;12132;ensemble;12132;0,9970331154250582;0,85
angol;1347;12150;m1;12150;0,9896039228991749;
angol;1348;12150;ensemble;12150;0,9969988912814891;0,85
angol;1349;12168;m1;12168;0,9894675427913947;
angol;1350;12168;ensemble;12168;0,9968610787149671;0,85
angol;1351;12186;m1;12186;0,9896519486791652;
angol;1352;12186;ensemble;12186;0,9970392305115522;0,85
angol;1353;12204;m1;12204;0,9894976780160987;
angol;1354;12204;ensemble;12204;0,9968984167619085;0,85
angol;1355;12222;m1;12222;0,9893919877170604;
angol;1356;12222;ensemble;12222;0,9967991172804324;0,85
angol;1357;12240;m1;12240;0,9894312885931301;
angol;1358;12240;ensemble;12240;0,99682494101658;0,85
angol;1359;12258;m1;12258;0,989400443486348;
angol;1360;12258;ensemble;12258;0,9968194544108577;0,85
angol;1361;12276;m1;12276;0,9891998110788394;
angol;1362;12276;ensemble;12276;0,9966485326565312;0,85
angol;1363;12294;m1;12294;0,9891911363472902;
angol;1364;12294;ensemble;12294;0,9966388121862186;0,85
angol;1365;12312;m1;12312;0,9890920436149029;
angol;1366;12312;ensemble;12312;0,9965545702819584;0,85
angol;1367;12330;m1;12330;0,9889748239385037;
angol;1368;12330;ensemble;12330;0,9964310005375844;0,85
angol;1369;12348;m1;12348;0,988730590461195;
angol;1370;12348;ensemble;12348;0,9961911499130769;0,85
angol;1371;12366;m1;12366;0,9890346197090037;
angol;1372;12366;ensemble;12366;0,9964955378731972;0,85
angol;1373;12384;m1;12384;0,9890778847595862;
angol;1374;12384;ensemble;12384;0,9965247883917155;0,85
angol;1375;12402;m1;12402;0,9889716966598214;
angol;1376;12402;ensemble;12402;0,9964135325763702;0,85
angol;1377;12420;m1;12420;0,9888878977785528;
angol;1378;12420;ensemble;12420;0,9963373427858807;0,85
angol;1379;12438;m1;12438;0,9887727295722001;
angol;1380;12438;ensemble;12438;0,9962202610749484;0,85
angol;1381;12456;m1;12456;0,9888337343561899;
angol;1382;12456;ensemble;12456;0,9962890900001962;0,85
angol;1383;12474;m1;12474;0,9885939927930721;
angol;1384;12474;ensemble;12474;0,9960426020299243;0,85
angol;1385;12492;m1;12492;0,9883827433847883;
angol;1386;12492;ensemble;12492;0,9957793473317799;0,85
angol;1387;12510;m1;12510;0,9884352735386913;
angol;1388;12510;ensemble;12510;0,9958213668822145;0,85
angol;1389;12528;m1;12528;0,9885670043112154;
angol;1390;12528;ensemble;12528;0,9959868661908354;0,85
angol;1391;12546;m1;12546;0,9884714764628814;
angol;1392;12546;ensemble;12546;0,9958806926126468;0,85
angol;1393;12564;m1;12564;0,9885429397575013;
angol;1394;12564;ensemble;12564;0,9959179849744028;0,85
angol;1395;12582;m1;12582;0,9885788481720381;
angol;1396;12582;ensemble;12582;0,995944282180908;0,85
angol;1397;12600;m1;12600;0,9883882049918978;
angol;1398;12600;ensemble;12600;0,9957531582407846;0,85
angol;1399;12618;m1;12618;0,9882734836190292;
angol;1400;12618;ensemble;12618;0,9956319786552544;0,85
angol;1401;12636;m1;12636;0,9880569689914027;
angol;1402;12636;ensemble;12636;0,9954113161536515;0,85
angol;1403;12654;m1;12654;0,9880070806754501;
angol;1404;12654;ensemble;12654;0,9953495108231755;0,85
angol;1405;12672;m1;12672;0,987850999940722;
angol;1406;12672;ensemble;12672;0,9951875608738282;0,85
angol;1407;12690;m1;12690;0,9875843010053416;
angol;1408;12690;ensemble;12690;0,9949113805251353;0,85
angol;1409;12708;m1;12708;0,9877963311298241;
angol;1410;12708;ensemble;12708;0,9950923655735475;0,85
angol;1411;12726;m1;12726;0,9877563936911452;
angol;1412;12726;ensemble;12726;0,995046538061808;0,85
angol;1413;12744;m1;12744;0,9879922907208484;
angol;1414;12744;ensemble;12744;0,9952489415220129;0,85
angol;1415;12762;m1;12762;0,9881116957742345;
angol;1416;12762;ensemble;12762;0,995370745424587;0,85
angol;1417;12780;m1;12780;0,9881576381830384;
angol;1418;12780;ensemble;12780;0,9954234440120797;0,85
angol;1419;12798;m1;12798;0,9883913625994584;
angol;1420;12798;ensemble;12798;0,9956022590840695;0,85
angol;1421;12816;m1;12816;0,9883929519079591;
angol;1422;12816;ensemble;12816;0,9955955496385126;0,85
angol;1423;12834;m1;12834;0,988105144683853;
angol;1424;12834;ensemble;12834;0,9953144147917643;0,85
angol;1425;12852;m1;12852;0,9878997154987782;
angol;1426;12852;ensemble;12852;0,9950931120494226;0,85
angol;1427;12870;m1;12870;0,9879581386515668;
angol;1428;12870;ensemble;12870;0,9951314212171954;0,85
angol;1429;12888;m1;12888;0,9880300227134952;
angol;1430;12888;ensemble;12888;0,9952143571768926;0,85
angol;1431;12906;m1;12906;0,9881505670586135;
angol;1432;12906;ensemble;12906;0,9953029435470121;0,85
angol;1433;12924;m1;12924;0,9880953916174198;
angol;1434;12924;ensemble;12924;0,9952297853094272;0,85
angol;1435;12942;m1;12942;0,9881981290826727;
angol;1436;12942;ensemble;12942;0,9953310441817093;0,85
angol;1437;12960;m1;12960;0,9880376968453802;
angol;1438;12960;ensemble;12960;0,9951654041988307;0,85
angol;1439;12978;m1;12978;0,9880046597090919;
angol;1440;12978;ensemble;12978;0,995128146350602;0,85
angol;1441;12996;m1;12996;0,987947787509829;
angol;1442;12996;ensemble;12996;0,9950698859045318;0,85
angol;1443;13014;m1;13014;0,9877139438883239;
angol;1444;13014;ensemble;13014;0,9948345608029034;0,85
angol;1445;13032;m1;13032;0,987652502291843;
angol;1446;13032;ensemble;13032;0,9947776691806224;0,85
angol;1447;13050;m1;13050;0,9876823885077618;
angol;1448;13050;ensemble;13050;0,9948016802545129;0,85
angol;1449;13068;m1;13068;0,9875351602968797;
angol;1450;13068;ensemble;13068;0,9946548249077225;0,85
angol;1451;13086;m1;13086;0,9875631200823801;
angol;1452;13086;ensemble;13086;0,9946658421417244;0,85
angol;1453;13104;m1;13104;0,9875110565032172;
angol;1454;13104;ensemble;13104;0,9946198545039251;0,85
angol;1455;13122;m1;13122;0,987419410970263;
angol;1456;13122;ensemble;13122;0,9945170326810557;0,85
angol;1457;13140;m1;13140;0,987368280857835;
angol;1458;13140;ensemble;13140;0,9944702790346482;0,85
angol;1459;13158;m1;13158;0,9873151403741791;
angol;1460;13158;ensemble;13158;0,9944119043868688;0,85
angol;1461;13176;m1;13176;0,9873300059430489;
angol;1462;13176;ensemble;13176;0,9944210874159938;0,85
angol;1463;13194;m1;13194;0,9871871255181269;
angol;1464;13194;ensemble;13194;0,9942866148532065;0,85
angol;1465;13212;m1;13212;0,9868547308796354;
angol;1466;13212;ensemble;13212;0,9939571451396066;0,85
angol;1467;13230;m1;13230;0,986750847328161;
angol;1468;13230;ensemble;13230;0,9938817784320515;0,85
angol;1469;13248;m1;13248;0,9867761106705538;
angol;1470;13248;ensemble;13248;0,9939223167954934;0,85
angol;1471;13266;m1;13266;0,9868955684843449;
angol;1472;13266;ensemble;13266;0,9940152171096543;0,85
angol;1473;13284;m1;13284;0,9868062702756123;
angol;1474;13284;ensemble;13284;0,9939011156854818;0,85
angol;1475;13302;m1;13302;0,9868607939286036;
angol;1476;13302;ensemble;13302;0,9939559045627361;0,85
angol;1477;13320;m1;13320;0,9868373635057976;
angol;1478;13320;ensemble;13320;0,9939207149091651;0,85
angol;1479;13338;m1;13338;0,9873034846007455;
angol;1480;13338;ensemble;13338;0,9943452794980282;0,85
angol;1481;13356;m1;13356;0,9871044667062787;
angol;1482;13356;ensemble;13356;0,9941633618412524;0,85
angol;1483;13374;m1;13374;0,9869242409466612;
angol;1484;13374;ensemble;13374;0,9939717927458537;0,85
angol;1485;13392;m1;13392;0,9868497186603286;
angol;1486;13392;ensemble;13392;0,9938679341666528;0,85
angol;1487;13410;m1;13410;0,9869757624463037;
angol;1488;13410;ensemble;13410;0,993968980329658;0,85
angol;1489;13428;m1;13428;0,9872092716756183;
angol;1490;13428;ensemble;13428;0,9941953941533578;0,85
angol;1491;13446;m1;13446;0,9872885614039063;
angol;1492;13446;ensemble;13446;0,9942935409782352;0,85
angol;1493;13464;m1;13464;0,9872021583101599;
angol;1494;13464;ensemble;13464;0,9942082192234398;0,85
angol;1495;13482;m1;13482;0,9870818459624708;
angol;1496;13482;ensemble;13482;0,9940823146070692;0,85
angol;1497;13500;m1;13500;0,9873021426601013;
angol;1498;13500;ensemble;13500;0,9942750429138826;0,85
angol;1499;13518;m1;13518;0,9871345442113318;
angol;1500;13518;ensemble;13518;0,9941196245945858;0,85
angol;1501;13536;m1;13536;0,9871438459872548;
angol;1502;13536;ensemble;13536;0,994114161380861;0,85
angol;1503;13554;m1;13554;0,9870095602474365;
angol;1504;13554;ensemble;13554;0,9939846371611216;0,85
angol;1505;13572;m1;13572;0,9869296246697123;
angol;1506;13572;ensemble;13572;0,9939187571066834;0,85
angol;1507;13590;m1;13590;0,9867917883907164;
angol;1508;13590;ensemble;13590;0,9937889600861723;0,85
angol;1509;13608;m1;13608;0,9866353884441136;
angol;1510;13608;ensemble;13608;0,9936268834893093;0,85
angol;1511;13626;m1;13626;0,9865139744732873;
angol;1512;13626;ensemble;13626;0,9935116726210668;0,85
angol;1513;13644;m1;13644;0,9865855678339077;
angol;1514;13644;ensemble;13644;0,9935604868766468;0,85
angol;1515;13662;m1;13662;0,9864914649340906;
angol;1516;13662;ensemble;13662;0,9934650476035589;0,85
angol;1517;13680;m1;13680;0,9863992898398791;
angol;1518;13680;ensemble;13680;0,993383411072369;0,85
angol;1519;13698;m1;13698;0,9864739199529965;
angol;1520;13698;ensemble;13698;0,9934632397377352;0,85
angol;1521;13716;m1;13716;0,9862616895667065;
angol;1522;13716;ensemble;13716;0,993262621593153;0,85
angol;1523;13734;m1;13734;0,9864448391490217;
angol;1524;13734;ensemble;13734;0,9934355721010124;0,85
angol;1525;13752;m1;13752;0,9863914270113457;
angol;1526;13752;ensemble;13752;0,9933764046279818;0,85
angol;1527;13770;m1;13770;0,9863061609737652;
angol;1528;13770;ensemble;13770;0,9932868247578707;0,85
angol;1529;13788;m1;13788;0,9862224260101904;
angol;1530;13788;ensemble;13788;0,9931855304735392;0,85
angol;1531;13806;m1;13806;0,9862259828602136;
angol;1532;13806;ensemble;13806;0,9931789698638009;0,85
angol;1533;13824;m1;13824;0,9862703459527304;
angol;1534;13824;ensemble;13824;0,9932420072212459;0,85
angol;1535;13842;m1;13842;0,9862786196713553;
angol;1536;13842;ensemble;13842;0,9932458845099075;0,85
angol;1537;13860;m1;13860;0,9861289927528086;
angol;1538;13860;ensemble;13860;0,993099111512862;0,85
angol;1539;13878;m1;13878;0,9862240514742857;
angol;1540;13878;ensemble;13878;0,9931868490249227;0,85
angol;1541;13896;m1;13896;0,9864369011448212;
angol;1542;13896;ensemble;13896;0,9933433567221109;0,85
angol;1543;13914;m1;13914;0,986790916400887;
angol;1544;13914;ensemble;13914;0,993683165544706;0,85
angol;1545;13932;m1;13932;0,9869498859764407;
angol;1546;13932;ensemble;13932;0,9938239308493004;0,85
angol;1547;13950;m1;13950;0,9868394922193792;
angol;1548;13950;ensemble;13950;0,9937214555516336;0,85
angol;1549;13968;m1;13968;0,9868835415055942;
angol;1550;13968;ensemble;13968;0,9937677096698688;0,85
angol;1551;13986;m1;13986;0,9869182525249941;
angol;1552;13986;ensemble;13986;0,9938095528461556;0,85
angol;1553;14004;m1;14004;0,9868003172268706;
angol;1554;14004;ensemble;14004;0,9936978360633704;0,85
angol;1555;14022;m1;14022;0,9868010057414838;
angol;1556;14022;ensemble;14022;0,9937001131529258;0,85
angol;1557;14040;m1;14040;0,9865823779400572;
angol;1558;14040;ensemble;14040;0,9934827486575142;0,85
angol;1559;14058;m1;14058;0,9864164421238724;
angol;1560;14058;ensemble;14058;0,9933324582680004;0,85
angol;1561;14076;m1;14076;0,9864691227652808;
angol;1562;14076;ensemble;14076;0,9933710367687487;0,85
angol;1563;14094;m1;14094;0,98624542547159;
angol;1564;14094;ensemble;14094;0,9931450159073745;0,85
angol;1565;14112;m1;14112;0,9861246670930806;
angol;1566;14112;ensemble;14112;0,9930096155619956;0,85
angol;1567;14130;m1;14130;0,9861540267846415;
angol;1568;14130;ensemble;14130;0,9930158024439769;0,85
angol;1569;14148;m1;14148;0,9861367070102443;
angol;1570;14148;ensemble;14148;0,993013093819315;0,85
angol;1571;14166;m1;14166;0,9861515090668415;
angol;1572;14166;ensemble;14166;0,9930393006784604;0,85
angol;1573;14184;m1;14184;0,9861835298907602;
angol;1574;14184;ensemble;14184;0,993059632370134;0,85
angol;1575;14202;m1;14202;0,9864406689375564;
angol;1576;14202;ensemble;14202;0,9932803950692508;0,85
angol;1577;14220;m1;14220;0,9863203912260728;
angol;1578;14220;ensemble;14220;0,9931770103487677;0,85
angol;1579;14238;m1;14238;0,9862725471380368;
angol;1580;14238;ensemble;14238;0,9931220731929111;0,85
angol;1581;14256;m1;14256;0,9862120783283843;
angol;1582;14256;ensemble;14256;0,9930462081208162;0,85
angol;1583;14274;m1;14274;0,9863432039513981;
angol;1584;14274;ensemble;14274;0,9931824792301431;0,85
angol;1585;14292;m1;14292;0,9862265123472086;
angol;1586;14292;ensemble;14292;0,9930894323471489;0,85
angol;1587;14310;m1;14310;0,9864716558476432;
angol;1588;14310;ensemble;14310;0,993301673089334;0,85
angol;1589;14328;m1;14328;0,986473636483417;
angol;1590;14328;ensemble;14328;0,9932693047021096;0,85
angol;1591;14346;m1;14346;0,9864421408056566;
angol;1592;14346;ensemble;14346;0,9932180032253214;0,85
angol;1593;14364;m1;14364;0,9865531952531875;
angol;1594;14364;ensemble;14364;0,9933341665789884;0,85
angol;1595;14382;m1;14382;0,9864713747869743;
angol;1596;14382;ensemble;14382;0,9932646504130873;0,85
angol;1597;14400;m1;14400;0,9867561989393862;
angol;1598;14400;ensemble;14400;0,9935263850488448;0,85
angol;1599;14418;m1;14418;0,9867118690269965;
angol;1600;14418;ensemble;14418;0,9934908202798083;0,85
angol;1601;14436;m1;14436;0,9866130446599778;
angol;1602;14436;ensemble;14436;0,9933947758220995;0,85
angol;1603;14454;m1;14454;0,9867360666206433;
angol;1604;14454;ensemble;14454;0,993471964087755;0,85
angol;1605;14472;m1;14472;0,9869425021235024;
angol;1606;14472;ensemble;14472;0,9936073767838923;0,85
angol;1607;14490;m1;14490;0,9869950122364521;
angol;1608;14490;ensemble;14490;0,9936257000909305;0,85
angol;1609;14508;m1;14508;0,9868577032596015;
angol;1610;14508;ensemble;14508;0,9935106751466738;0,85
angol;1611;14526;m1;14526;0,9869629771323478;
angol;1612;14526;ensemble;14526;0,9935970965405114;0,85
angol;1613;14544;m1;14544;0,986807909903269;
angol;1614;14544;ensemble;14544;0,9934521929796221;0,85
angol;1615;14562;m1;14562;0,9868779289099976;
angol;1616;14562;ensemble;14562;0,9935212923963274;0,85
angol;1617;14580;m1;14580;0,9869630285745111;
angol;1618;14580;ensemble;14580;0,9935936772466197;0,85
angol;1619;14598;m1;14598;0,9868731984195067;
angol;1620;14598;ensemble;14598;0,9935124545205828;0,85
angol;1621;14616;m1;14616;0,987048933350108;
angol;1622;14616;ensemble;14616;0,9936722725839647;0,85
angol;1623;14634;m1;14634;0,9871629790552644;
angol;1624;14634;ensemble;14634;0,9937657042224238;0,85
angol;1625;14652;m1;14652;0,9870223457098877;
angol;1626;14652;ensemble;14652;0,9935930211083914;0,85
angol;1627;14670;m1;14670;0,987051241179558;
angol;1628;14670;ensemble;14670;0,9936069939028316;0,85
angol;1629;14688;m1;14688;0,9869343022632118;
angol;1630;14688;ensemble;14688;0,9934884170216989;0,85
angol;1631;14706;m1;14706;0,9870316556183506;
angol;1632;14706;ensemble;14706;0,9935693037841524;0,85
angol;1633;14724;m1;14724;0,9868309651716479;
angol;1634;14724;ensemble;14724;0,9933751541785133;0,85
angol;1635;14742;m1;14742;0,9868612500477891;
angol;1636;14742;ensemble;14742;0,9934030678682615;0,85
angol;1637;14760;m1;14760;0,98697082869868;
angol;1638;14760;ensemble;14760;0,993500445735782;0,85
angol;1639;14778;m1;14778;0,9869152353014672;
angol;1640;14778;ensemble;14778;0,9934396456190957;0,85
angol;1641;14796;m1;14796;0,9865611071436247;
angol;1642;14796;ensemble;14796;0,9930925145138816;0,85
angol;1643;14814;m1;14814;0,986746584677494;
angol;1644;14814;ensemble;14814;0,9932714314100016;0,85
angol;1645;14832;m1;14832;0,9868943734630422;
angol;1646;14832;ensemble;14832;0,9934301222277875;0,85
angol;1647;14850;m1;14850;0,9870661624812939;
angol;1648;14850;ensemble;14850;0,9935878398972277;0,85
angol;1649;14868;m1;14868;0,9871335653447941;
angol;1650;14868;ensemble;14868;0,9936498270981045;0,85
